player_key,lta_first,lta_surname,display_name,country,born,plays,hometown,career,notes,lta_url
ACKLAND N,Natalie,Ackland,Natalie Ackland,Great Britain,1980,,Somerset (county),WTN Singles 18.0 / Doubles 17.3 · Career W-L 396-175 (69%) · 2026 W-L 31-11 (74%) · 3 recent title(s): LTA Padel Grade 3 East Glos Womens Doubles (2026); Rocket Padel Bristol Grade 3 Womens Doubles (2026); Rocket Padel Bristol Grade 4 Womens Doubles (2026) · 2 recent final(s),This event: WD 40+ with Kerry Quirk · LTA no. 100585225,https://competitions.lta.org.uk/player-profile/052c49dc-c127-4650-b017-0442ec4a91f6
ADAMS K,Karen,Adams,Karen Adams,Great Britain,1967,,Dorset (county),WTN Singles 40.9 / Doubles 26.4 · Career W-L 12-14 (46%) · 2026 W-L 5-4 (56%) · 1 recent title(s): LTA Padel County Tour - East Dorset - Grade 4 Mens & Womens Doubles - 20-4-2025 Womens Doubles (2025) · 3 recent final(s),This event: WD 40+ with Shirli-Ann Valentine; WD 50+ with Shirli-Ann Valentine · LTA no. 100064376,https://competitions.lta.org.uk/player-profile/50770f24-db20-4a8b-b0bf-4658115bd4f6
ADAMSKA O,Olivia,Adamska,Olivia Adamska,Great Britain,2011,,Avon (county),WTN Singles 21.4 / Doubles 19.9 · Career W-L 704-520 (58%) · 2026 W-L 52-51 (50%) · 4 recent title(s): Avon County Championship 2026 Womens Doubles (2026); Malvern Open Womens Doubles (2026); Play Your Way to Wimbledon 2026 – Downend and Frenchay Tennis Club Womens Doubles (2026) · 1 recent final(s),This event: Womens Doubles · LTA no. 113259573,https://competitions.lta.org.uk/player-profile/2ffbdf56-d266-4bae-905c-9f49a7cf60ef
ADRIAN C,Chris,Adrian,Chris Adrian,Great Britain,1989,,Cornwall (county),WTN Singles 24.3 / Doubles 18.4 · Career W-L 97-62 (61%) · 2026 W-L 21-19 (52%) · 2 recent title(s): LTA Padel British Tour Grade 2 - HOP Pro Cardiff Doubles (2026); Padel United Plymouth Autumn G4 Mens Doubles (2025) · 3 recent final(s),This event: Mens Doubles with Brendan Okoronkwo · LTA no. 107530192,https://competitions.lta.org.uk/player-profile/51ef1b9b-12b3-4a69-ad41-2853c1cc40df
AKERY R,Robert,Akery,Robert Akery,Great Britain,1986,,Avon (county),WTN Singles 18.1 / Doubles 20.7 · Career W-L 102-66 (61%) · 2026 W-L 13-4 (76%) · 3 recent title(s): Rocket Padel Bristol Grade 4 MD 40+ (2026); Rocket Padel Bristol 2 Day Grade 3 MD 40+ (2026); Tennis Solutions Masters Open At David Lloyd Bristol Open Mens Singles (2017) · 2 recent final(s),This event: MD 40+ with Thomas Hale · LTA no. 101411698,https://competitions.lta.org.uk/player-profile/dbe19d77-ed80-4dc6-84db-a26e112243a2
ALEXANDER D,David,Alexander,David Alexander,Great Britain,1965,,Durham & Cleveland (county),WTN Singles 40.9 / Doubles 23.8 · Career W-L 66-64 (51%) · 2026 W-L 11-12 (48%) · 1 recent title(s): Slazenger Padel Weekend - Grade 2 MD 60+ (2025) · 4 recent final(s),This event: MD 60+ with Minter Dial · LTA no. 112093904,https://competitions.lta.org.uk/player-profile/d2d38d0f-423c-4120-8373-6645e3ed8d9d
ALEXANDER D,Duncan,Alexander,Duncan Alexander,Great Britain,1963,,Somerset (county),WTN Singles 34.3 / Doubles 26.2 · Career W-L 43-45 (49%) · 2026 W-L 11-27 (29%) · 1 recent final(s),This event: MD 60+ with David Clayton · LTA no. 106710104,https://competitions.lta.org.uk/player-profile/82469fbe-f1dd-4c0d-9515-bf545250e201
ALONSO A,Alejandro,Alonso,Alejandro Alonso,Great Britain,1971,,Kent (county),"WTN Singles 21.9 / Doubles 23.2 · Career W-L 173-120 (59%) · 2026 W-L 23-17 (58%) · 4 recent title(s): Game4Padel Tour- Parkside- Seniors Grade 3 MD 50+ (2026); Slazenger Padel Swindon - Grade 4, 5 MD 50+ (2026); Game4Padel Tour Padel & Tennis Weekend 2 - Hove Beach Park - Grade 3 Padel MD 50+ (2026) · 1 recent final(s)",This event: MD 50+ (1) with Trevor Halligan · LTA no. 107420774,https://competitions.lta.org.uk/player-profile/7cfe112c-2964-454b-bd54-ce2f4882b869
ANGEL R,Rachel,Angel,Rachel Angel,Great Britain,1962,,Surrey (county),WTN Singles 28.4 / Doubles 23.0 · Career W-L 201-190 (51%) · 2026 W-L 23-4 (85%) · 4 recent title(s): LTA Padel Grade 5 - Rocks Lane Womens Doubles (2026); Padel4All Bracknell (Vets) - 09-04-26 - 10-04-26 WD 50+ (2026); Padel4All Bracknell (Vets) - 05-03-26 - 06-03-26 WD 60+ (2026) · 1 recent final(s),This event: WD 60+ with Jan Mort · LTA no. 101604041,https://competitions.lta.org.uk/player-profile/6f8aea91-f5d1-4ed1-927d-4fe1c0e56fa4
AZOULAY S,Susie,Azoulay,Susie Azoulay,Great Britain,1980,,Yorkshire (county),WTN Singles 24.1 / Doubles 19.8 · Career W-L 228-97 (70%) · 2026 W-L 5-1 (83%) · 3 recent title(s): Slazenger Padel Weekend - Grade 2 WD 40+ (2025); Tennis Wales National Tour Grade 2 - Open Womens Doubles (2025); Slazenger Padel Weekend - Grade 1 & 2 WD 40+ (2025) · 2 recent final(s),This event: WD 40+; Womens Doubles · LTA no. 109267334,https://competitions.lta.org.uk/player-profile/567fc5e1-4907-4337-954f-0f84a53dbeef
BAGGETT N,Nathan,Baggett,Nathan Baggett,Great Britain,2008,,Buckinghamshire (county),WTN Singles 27.3 / Doubles 28.8 · Career W-L 167-79 (68%) · 2026 W-L 15-11 (58%) · 3 recent title(s): Bradfield Winter Open 10U Boys Singles (2018); Gerrards Cross LTC Junior Open Tournament 2018 10U Boys Doubles (2018); Buckinghamshire Junior County Closed 2017 9U Boys Singles (2017) · 2 recent final(s),This event: Mens Doubles with Andrew Dunn · LTA no. 110188536,https://competitions.lta.org.uk/player-profile/2823767e-eed5-47aa-a5a1-da5e93fa1127
BAINS M,Maniel,Bains,Maniel Bains,Great Britain,1989,,Warwickshire (county),WTN Singles 40.9 / Doubles 14.3 · Career W-L 141-83 (63%) · 2026 W-L 17-8 (68%) · 3 recent title(s): LTA Padel National Tour - Wetherby Padel Club Mens Doubles (2024); LTA Padel National - West of Scotland Padel Mens Doubles (2024); Surge Padel Tour - LTA PADEL REGIONAL (Grade 3) Mens Doubles (2024) · 2 recent final(s),This event: Mens Doubles with Andrew Brigham · LTA no. 101384938,https://competitions.lta.org.uk/player-profile/67331cd8-4ab9-43f5-abfe-eb982c2f54cc
BAKER N,Nick,Baker,Nick Baker,Great Britain,1974,,Buckinghamshire (county),WTN Singles 40.9 / Doubles 25.6 · Career W-L 47-61 (44%) · 2026 W-L 9-12 (43%) · 4 recent title(s): UK PADEL Bucks Over 50 County Closed MD 50+ (2026); UK PADEL Buckinghamshire O50 County Closed MD 50+ (2025); LTA Padel County - Holmer Green Padel Mens Doubles (2023) · 1 recent final(s),This event: MD 50+ with Ed Myhill · LTA no. 114336148,https://competitions.lta.org.uk/player-profile/cfa20d31-570a-4549-a31c-43bfaa60bea7
BALDWIN C,Christine,Baldwin,Christine Baldwin,Great Britain,1965,,Yorkshire (county),"WTN Singles 40.9 / Doubles 30.2 · Career W-L 79-75 (51%) · 2026 W-L 13-11 (54%) · 2 recent title(s): Slazenger Padel Festival - Grade 3, 4, 5 Womens Doubles Grade 4 (2026); Slazenger Padel Festival - Grade 3, 4, 5 WD 60+ (2025) · 3 recent final(s)",This event: WD 60+ with Carol Collinson · LTA no. 102517956,https://competitions.lta.org.uk/player-profile/1a1aa516-a0c2-4dc7-80cf-2e9d32b1c4b7
BALDWIN N,Neil,Baldwin,Neil Baldwin,Great Britain,1963,,Yorkshire (county),"WTN Singles 40.9 / Doubles 22.2 · Career W-L 62-36 (63%) · 2026 W-L 22-13 (63%) · 1 recent title(s): Slazenger Padel Festival - Grade 3, 4, 5 MD 60+ (2026) · 4 recent final(s)",This event: MD 60+ (3) with John Fuller · LTA no. 105394135,https://competitions.lta.org.uk/player-profile/c531f106-242f-4eb4-90de-dafb5f6feb68
BARRETT M,Matthew,Barrett,Matthew Barrett,Great Britain,1996,,Devon (county),WTN Singles 23.7 / Doubles 19.5 · Career W-L 8-9 (47%) · 2026 W-L 2-1 (67%),This event: Mens Doubles · LTA no. 105156939,https://competitions.lta.org.uk/player-profile/298456c2-c9fc-42b2-b013-f979bcba68a6
BEAN A,Ashley,Bean,Ashley Bean,Great Britain,1965,,Essex (county),WTN Singles 40.9 / Doubles 26.0 · Career W-L 14-14 (50%) · 2026 W-L 8-6 (57%) · 1 recent title(s): Stratford Padel Club Seniors G3 MD 60+ (2025) · 1 recent final(s),This event: MD 60+ with Mark Norden · LTA no. 124695442,https://competitions.lta.org.uk/player-profile/a1ec938b-d755-4914-b3e0-f5ee15c3aab5
BEATTIE S,Stuart,Beattie,Stuart Beattie,Great Britain,1965,,Gloucestershire (county),WTN Singles 40.9 / Doubles 20.5 · Career W-L 73-31 (70%) · 2026 W-L 28-9 (76%) · 4 recent title(s): Rocket Padel Bristol Grade 4 MD 60+ (2026); LTA Padel County Championships Gloucestershire 2026 MD 60+ (2026); East Glos Padel Club Champs 2026 MD 50+ (2026) · 1 recent final(s),This event: MD 60+ with Roger Bell · LTA no. 117331697,https://competitions.lta.org.uk/player-profile/ab2b7366-0c18-477c-a86a-6d7da73e1dae
BEAUMONT K,Kate,Beaumont,Kate Beaumont,Great Britain,1961,,Nottinghamshire (county),WTN Singles 29.7 / Doubles 22.9 · Career W-L 495-272 (65%) · 2026 W-L 91-45 (67%) · 2 recent title(s): Padelspeed HoS Cardiff WD 60+ (2026); Padel4All Bracknell - Vets 60+ 65+ WD 60+ (2026) · 3 recent final(s),This event: WD 50+ with Jo Francis-Pope; WD 60+ with Jo Francis-Pope · LTA no. 112354143,https://competitions.lta.org.uk/player-profile/5fe68e3c-e1e7-4a6e-8db5-93aa4fa26a5a
BELL M,Marie,Bell,Marie Bell,Great Britain,1968,,Gloucestershire (county),"WTN Singles 22.2 / Doubles 21.0 · Career W-L 382-142 (73%) · 2026 W-L 40-21 (66%) · 4 recent title(s): East Glos Tennis Club Champs 2026 WD 50+ (2026); LTA Padel Grade 3 East Glos WD 50+ (2026); Slazenger Padel Swindon - Grade 4, 5 Womens Doubles (2026) · 1 recent final(s)",This event: WD 50+ (3) with Annalie Poccard · LTA no. 100085032,https://competitions.lta.org.uk/player-profile/880254d4-55f6-42e2-a3c9-a153df1365a2
BELL R,Roger,Bell,Roger Bell,Great Britain,1963,,Gloucestershire (county),WTN Singles 25.2 / Doubles 21.5 · Career W-L 207-136 (60%) · 2026 W-L 43-20 (68%) · 5 recent title(s): East Glos Tennis Club Champs 2026 MD 50+ (2026); East Glos Tennis Club Champs 2026 MD 60+ (2026); East Glos Tennis Club Champs 2026 MS 60+ (2026),This event: MD 60+ with Stuart Beattie · LTA no. 100181163,https://competitions.lta.org.uk/player-profile/86a9bb61-26f8-4ba0-9e55-83fdb931d586
BEWLEY J,Jake,Bewley,Jake Bewley,Great Britain,2003,,Essex (county),WTN Singles 40.9 / Doubles 16.0 · Career W-L 188-83 (69%) · 2026 W-L 24-10 (71%) · 2 recent title(s): LTA Padel British Tour Grade 2 – Padel United The Wirral Mens Doubles (2026); LTA Padel British Tour Grade 2 – Middlesborough Padel Club Mens Doubles (2026) · 3 recent final(s),This event: Mens Doubles (3) with Theo Garton · LTA no. 114217937,https://competitions.lta.org.uk/player-profile/6f46ba5a-dfcd-44fe-8f2c-f4ba94c9856d
BINNS A,Allison,Binns,Allison Binns,Great Britain,1964,,Warwickshire (county),WTN Singles 34.5 / Doubles 36.2 · Career W-L 10-32 (24%) · 2026 W-L 6-23 (21%) · 2 recent title(s): Padel Social House 60+ Padel Grade 4 Mixed fun doubs (2026); Padelocity Men's & Women's 40+ Grade 4 @ Connect Padel Birmingham WD 40+ (2026),This event: WD 60+ with Debbie Morrison · LTA no. 113136797,https://competitions.lta.org.uk/player-profile/97e4f8fb-dc5f-4d4a-8994-8819538395bc
BRADBURY J,Julie,Bradbury,Julie Bradbury,Great Britain,1967,,Oxfordshire (county),WTN Singles 34.2 / Doubles 24.4 · Career W-L 9-7 (56%) · 2026 W-L 9-7 (56%) · 2 recent final(s),This event: WD 50+ with Lucie Wade · LTA no. 103113576,https://competitions.lta.org.uk/player-profile/29ee493d-6293-4117-bf9d-52b606393440
BRADLEY T,Thomas,Bradley,Thomas Bradley,Great Britain,2003,,Avon (county),WTN Singles 20.8 / Doubles 16.6 · Career W-L 196-114 (63%) · 2026 W-L 18-4 (82%) · 2 recent title(s): South West Winter County Tour David LLoyd Ashton U16 b/g 16U Boys Singles (2018); South West Winter County Tour David LLoyd Ashton U18 b/g 18U Boys Singles (2018),This event: Mens Doubles with Jay Darvay · LTA no. 110079208,https://competitions.lta.org.uk/player-profile/04cb95b8-30ac-4410-bf8e-1300782e2f3c
BRAY S,Sophie,Bray,Sophie Bray,Great Britain,1988,,Middlesex (county),WTN Singles 40.9 / Doubles 21.1 · Career W-L 42-26 (62%) · 2026 W-L 14-7 (67%) · 2 recent title(s): LTA Padel Grade 3 - Rocks Lane Womens Doubles (2026); Rocket Padel Ilford Grade 3 Womens Doubles (2025) · 3 recent final(s),This event: Womens Doubles (7) with Daisy Dickson · LTA no. 122660531,https://competitions.lta.org.uk/player-profile/f0a7a0e4-45fe-4937-a8e8-87bc1bde764b
BRAZELL S,Sophie,Brazell,Sophie Brazell,Great Britain,1994,,Gloucestershire (county),WTN Singles 20.6 / Doubles 20.8 · Career W-L 355-201 (64%) · 2026 W-L 27-10 (73%) · 3 recent title(s): Rocket Padel Bristol 2 Day Grade 3 Womens Doubles (2026); Rocket Padel Bristol Grade 5 Womens Doubles (2026); Edgbaston Archery & Lawn Tennis Society Junior 2012 18 & Under Girls Singles (2012) · 2 recent final(s),This event: Womens Doubles with Ruby Mathias · LTA no. 102972047,https://competitions.lta.org.uk/player-profile/cbbf9f91-f1dd-4de3-8b67-10ce054819b0
BRIGHAM A,Andrew,Brigham,Andrew Brigham,Great Britain,1990,,Warwickshire (county),WTN Singles 19.9 / Doubles 14.1 · Career W-L 103-86 (54%) · 2026 W-L 12-7 (63%) · 1 recent title(s): LTA Padel Regional Tour - Middlesbrough Padel Club Mens Doubles (2022) · 1 recent final(s),This event: Mens Doubles with Maniel Bains · LTA no. 102222208,https://competitions.lta.org.uk/player-profile/734a13e0-6b36-42f1-90d5-98a5e364d6ef
BROOKS R,Richard,Brooks,Richard Brooks,Great Britain,1981,,Middlesex (county),WTN Singles 12.9 / Doubles 40.9 · Career W-L 12-1 (92%) · 2026 W-L 3-1 (75%) · 2 recent title(s): LTA Padel British Tour - We Are Padel Derby Mens Doubles (2023); HOP Pro LTA Padel National Tour - Hampton Court Mens Doubles (2022),This event: MD 40+ with James Southwood; Mens Doubles with Ben Phillips · LTA no. 100771555,https://competitions.lta.org.uk/player-profile/7f8416fe-038b-4957-b8ce-8a5de87e9560
BRYANT B,Ben,Bryant,Ben Bryant,Great Britain,1991,,Herefordshire & Worcestershire (county),WTN Singles 40.9 / Doubles 40.9 · Career W-L 12-11 (52%) · 2026 W-L 9-7 (56%) · 1 recent title(s): Padel Power - Open Men's + Ladies Grade 5 Mens Doubles (2026),This event: Mens Doubles (10) with Adam Grenfell · LTA no. 107697764,https://competitions.lta.org.uk/player-profile/d81c57fb-9076-451d-9d26-6071278e8cd9
BUNN J,Jonathan,Bunn,Jonathan Bunn,Great Britain,1971,,Wales South (county),WTN Singles 20.7 / Doubles 17.1 · Career W-L 131-49 (73%) · 2026 W-L 5-6 (45%) · 3 recent title(s): David Lloyd Cardiff Club Championships 2024 Men's Doubles (2024); David Lloyd Cardiff Club Championships 2023 Mens Doubles (2023); The Cymru National Tennis Championships 2023 MD 35+ (2023) · 2 recent final(s),This event: MD 50+ with Nick Macey · LTA no. 104178565,https://competitions.lta.org.uk/player-profile/cbe9a62b-52cc-4af3-9d02-5db1c09e3eb4
BUNYARD N,Nicholas,Bunyard,Nicholas Bunyard,Great Britain,1980,,Somerset (county),WTN Singles 17.4 / Doubles 19.8 · Career W-L 63-38 (62%) · 2026 W-L 34-20 (63%) · 3 recent title(s): NW Padel Friday Seniors Competition Series at Rocket Padel Bristol MD 40+ (2026); NW Padel Friday Seniors Competition Series at Rocket Padel Bristol MD 40+ (2026); City Padel Exeter Grade 3 Mens Doubles (2026) · 2 recent final(s),This event: MD 40+ with Bruce Wheatley; Mens Doubles with James Mitchell · LTA no. 112321045,https://competitions.lta.org.uk/player-profile/2ba0f5b7-adcc-4291-a4ff-8fa256e30378
BURKE J,Jenny,Burke,Jenny Burke,Great Britain,1979,,Dorset (county),Career W-L 13-5 (72%) · 2026 W-L 13-5 (72%) · 3 recent title(s): Dorset County Padel Championships 2026 Womens Doubles (2026); Advantage Padel Mudeford Womens Doubles (2026); Advantage Padel Mudeford Womens Doubles (2026) · 2 recent final(s),This event: WD 40+ with Hannah Richards · LTA no. 134993657,https://competitions.lta.org.uk/player-profile/39462ab3-97dd-4191-9c5d-965c3a6668e2
BUTTERFIELD T,Tallulah,Butterfield,Tallulah Butterfield,Great Britain,2008,,Nottinghamshire (county),WTN Singles 26.0 / Doubles 23.6 · Career W-L 220-256 (46%) · 2026 W-L 32-30 (52%) · 2 recent title(s): Core Padel Nuneaton - Grade 5 Open Womens Doubles (2026); Padel United The Wirral - July 2 Mixed Doubles (2026) · 3 recent final(s),This event: Womens Doubles with Kristin Price · LTA no. 112870809,https://competitions.lta.org.uk/player-profile/f48849c6-73d4-4ad1-8480-6efed327a710
BYRNE J,John,Byrne,John Byrne,Great Britain,1966,,Scotland South (county),WTN Singles 40.9 / Doubles 21.6 · Career W-L 169-85 (67%) · 2026 W-L 20-12 (62%) · 2 recent title(s): LTA Padel British Tour Grade 2 - West of Scotland Padel MD 60+ (2026); Game4Padel Tour- Great Western Golf - Grade 3 MD 50+ (2026) · 3 recent final(s),This event: MD 60+ (4) with Colin Mcgill · LTA no. 113701045,https://competitions.lta.org.uk/player-profile/63be7b86-18e0-4ea9-bccc-85e9beaa4fa1
CAKIN E,Ediz,Cakin,Ediz Cakin,Great Britain,1982,,Avon (county),WTN Singles 40.9 / Doubles 40.9 · Career W-L 13-8 (62%) · 2026 W-L 8-4 (67%) · 1 recent title(s): Avon Padel County Championships MD 40+ (2025),This event: MD 40+ with Luca Crivelli · LTA no. 127304771,https://competitions.lta.org.uk/player-profile/4631df3b-658e-4342-97fd-c132888568ac
CALVERT M,Martin,Calvert,Martin Calvert,Great Britain,1976,,Yorkshire (county),WTN Singles 17.4 / Doubles 15.0 · Career W-L 116-31 (79%) · 2026 W-L 0-0 · 3 recent title(s): Yorkshire Padel County Championships 2024 (County Closed) MD 40+ (2024); Surge Padel Harrogate - End of Year Championships 2023 Mens Doubles (2023); Yorkshire Seniors (aka Masters or Veterans) County Closed 2018 40+ Mens Singles (2018) · 2 recent final(s),This event: MD 50+ with John Dunseath · LTA no. 111010732,https://competitions.lta.org.uk/player-profile/67d879c5-ab6a-443d-9751-1f54022d6c9c
CARTER R,Robert,Carter,Robert Carter,Great Britain,1993,,Essex (county),WTN Singles 9.0 / Doubles 12.9 · Career W-L 351-178 (66%) · 2026 W-L 17-3 (85%) · 3 recent title(s): LTA Padel British Tour Grade 3-Square One Padel Club Ashford Mens Doubles (2026); LTA Grade 4 by Padel District Mens Doubles (2026); Padel District Grade 4 Mens Doubles (2025) · 2 recent final(s),This event: Mens Doubles with Paul Mcardle · LTA no. 102680275,https://competitions.lta.org.uk/player-profile/a7737bd5-1b26-42d2-ab2b-7cbcc9baaaef
CASE S,Sandy,Case,Sandy Case,Great Britain,1965,,Surrey (county),WTN Singles 40.9 / Doubles 22.8 · Career W-L 39-34 (53%) · 2026 W-L 2-2 (50%) · 1 recent final(s),This event: MD 60+ with Chris Warren · LTA no. 110951818,https://competitions.lta.org.uk/player-profile/f713ca09-0fee-4966-85c6-77c1fa9b372a
CLAYTON D,David,Clayton,David Clayton,Great Britain,1966,,Somerset (county),WTN Singles 40.9 / Doubles 30.4 · Career W-L 1-3 (25%) · 2026 W-L 1-3 (25%),This event: MD 60+ with Duncan Alexander · LTA no. 138555325,https://competitions.lta.org.uk/player-profile/88514dd1-2a11-4745-8ecc-c8e628f3af69
COEULLE B,Benjamin,Coeulle,Benjamin Coeulle,Great Britain,2001,,Warwickshire (county),WTN Singles 40.9 / Doubles 16.7 · Career W-L 89-68 (57%) · 2026 W-L 23-13 (64%) · 5 recent final(s),This event: Mens Doubles (6) with Oliver Hayday · LTA no. 105417221,https://competitions.lta.org.uk/player-profile/fd72bb35-3224-4179-9e7c-4d9508f3baaa
COLBOURNE J,Jack,Colbourne,Jack Colbourne,Great Britain,1966,,Middlesex (county),WTN Singles 40.9 / Doubles 24.6 · Career W-L 188-165 (53%) · 2026 W-L 32-21 (60%) · 3 recent title(s): LTA Padel British Tour Grade 2 East Glos MD 60+ (2026); LTA Padel British Tour Grade 2 - Padel Maidenhead MD 60+ (2026); QC Padel Club Championships 2024 - 2025 - Open to QC Members only MD 50+ (2025) · 2 recent final(s),This event: MD 50+ with Craig Stewart; MD 60+ (2) with Craig Stewart · LTA no. 104335285,https://competitions.lta.org.uk/player-profile/46cafaca-1157-4495-8e07-569925a44586
COLLINSON C,Carol,Collinson,Carol Collinson,Great Britain,1964,,Yorkshire (county),"WTN Singles 40.9 / Doubles 28.7 · Career W-L 49-71 (41%) · 2026 W-L 8-10 (44%) · 4 recent title(s): Slazenger Padel Festival - Grade 3, 4, 5 WD 60+ (2025); Slazenger Padel festival - Grade 3, 4, 5 WD 60+ (2025); Slazenger Padel Festival - Grade 4 WD 40+ (2025) · 1 recent final(s)",This event: WD 60+ with Christine Baldwin · LTA no. 104073854,https://competitions.lta.org.uk/player-profile/61b2e13f-9b71-414d-bea3-6b09fd1d3d9e
COMPTON-BURNETT P,Peter,Compton-Burnett,Peter Compton-Burnett,Great Britain,2005,,Hampshire & Isle of Wight (county),WTN Singles 40.9 / Doubles 40.9 · Career W-L 4-5 (44%) · 2026 W-L 4-5 (44%),This event: Mens Doubles (9) with Wilf Walker · LTA no. 133822299,https://competitions.lta.org.uk/player-profile/9fb8b10a-1c65-4df5-86b2-3e8e0d899b7a
COOLEY B,Brian,Cooley,Brian Cooley,Great Britain,1963,,Dorset (county),WTN Singles 25.9 / Doubles 24.8 · Career W-L 80-85 (48%) · 2026 W-L 12-12 (50%) · 1 recent title(s): Dorset County Championships 2024 MD 45+ (2024) · 4 recent final(s),This event: MD 60+ with Nicholas Groves · LTA no. 105616361,https://competitions.lta.org.uk/player-profile/3fb47194-3113-4f4d-ac28-793c7b6194d5
COULTHARD M,Martin,Coulthard,Martin Coulthard,Great Britain,1959,,Avon (county),WTN Singles 24.7 / Doubles 23.4 · Career W-L 337-132 (72%) · 2026 W-L 17-14 (55%) · 1 recent title(s): Rocket Padel Bristol 2 Day Grade 3 MD 60+ (2026) · 1 recent final(s),This event: MD 60+ with Ewan Lockhart · LTA no. 102527125,https://competitions.lta.org.uk/player-profile/5e6cc8db-a784-479c-a14b-a17b2e83067f
COUSINS S,Sophie,Cousins,Sophie Cousins,Great Britain,1983,,Yorkshire (county),WTN Singles 26.4 / Doubles 19.6 · Career W-L 102-50 (67%) · 2026 W-L 15-10 (60%) · 2 recent title(s): Slazenger Padel Weekend - Grade 2 WD 40+ (2025); NSM and SPF LTA Padel Tour Grade 1 - Guernsey WD 40+ (2025) · 3 recent final(s),This event: WD 40+ (1) with Sarah Lochrie; Womens Doubles with Sarah Lochrie · LTA no. 100912015,https://competitions.lta.org.uk/player-profile/c2266b99-4e5e-4ab1-ba11-8fa297634946
COWLRICK H,Helen,Cowlrick,Helen Cowlrick,Great Britain,1967,,Yorkshire (county),"WTN Singles 28.0 / Doubles 23.9 · Career W-L 200-156 (56%) · 2026 W-L 15-15 (50%) · 1 recent title(s): Slazenger Padel Leeds - Grade 3, 4, 5 WD 50+ (2026) · 4 recent final(s)",This event: WD 50+ with Emma Devenport · LTA no. 111869578,https://competitions.lta.org.uk/player-profile/1b2b2230-592f-4548-a2ef-d46d4342e2a7
COX C,Craig,Cox,Craig Cox,Great Britain,1991,,Surrey (county),WTN Singles 40.9 / Doubles 40.9 · Career W-L 37-28 (57%) · 2026 W-L 5-7 (42%) · 1 recent title(s): HER-22-0100 - LTA Padel Local Tour - INDOOR David Lloyd Club Bushey - 13-02-2022 MD (2022),This event: Mens Doubles with Max England · LTA no. 114028795,https://competitions.lta.org.uk/player-profile/25897762-0f2d-4aa7-8a3d-188da8dc0924
CRIVELLI L,Luca,Crivelli,Luca Crivelli,Great Britain,1982,,Avon (county),WTN Singles 29.5 / Doubles 22.3 · Career W-L 104-71 (59%) · 2026 W-L 10-7 (59%) · 4 recent title(s): Rocket Padel Bristol Grade 5 MD 40+ (2026); City Padel Winter Bash MD 40+ (2026); UK PADEL Master Series (South West) MD 40+ (2025) · 1 recent final(s),This event: MD 40+ with Ediz Cakin · LTA no. 112493409,https://competitions.lta.org.uk/player-profile/e22df6dd-bf56-4257-91c4-2e883779db1c
CRUTCHLEY T,Tim,Crutchley,Tim Crutchley,Great Britain,1961,,Cheshire (county),WTN Singles 40.9 / Doubles 23.6 · Career W-L 52-60 (46%) · 2026 W-L 23-13 (64%) · 3 recent final(s),This event: MD 60+ with William Griffith · LTA no. 113567354,https://competitions.lta.org.uk/player-profile/2f518e0f-dc54-4a71-900f-b5aedcbc7393
CULL O,Olly,Cull,Olly Cull,Great Britain,1997,,Channel Islands (county),WTN Singles 15.5 / Doubles 12.3 · Career W-L 252-150 (63%) · 2026 W-L 16-3 (84%) · 5 recent title(s): Hiscox Guernsey Closed Championships Mens Singles (2026); Langham Hall LTA Grade 3 - Guernsey Mens Doubles (2026); Rocq Capital Island (County) Padel Championships Mens Doubles (2025),This event: Mens Doubles with Liam De La Mare · LTA no. 105882279,https://competitions.lta.org.uk/player-profile/6e786dd1-cc8d-4d92-898a-ef298f7670a3
DALE-JONES B,Ben,Dale-Jones,Ben Dale-Jones,Great Britain,1973,,Middlesex (county),WTN Singles 30.3 / Doubles 23.9 · Career W-L 66-106 (38%) · 2026 W-L 13-14 (48%) · 2 recent title(s): Rocket Padel Ilford - Grade 4 MD 50+ (2026); UK PADEL Master Series (South West) MD 50+ (2025) · 2 recent final(s),This event: MD 50+ with James Lever · LTA no. 103695202,https://competitions.lta.org.uk/player-profile/d5cb9e8e-3d19-4809-85b1-f85e1feebe65
DARVAY J,Jay,Darvay,Jay Darvay,Great Britain,2004,,Avon (county),WTN Singles 12.7 / Doubles 13.8 · Career W-L 866-349 (71%) · 2026 W-L 14-10 (58%) · 2 recent title(s): Tennis Solutions Christmas Grade 3 David Lloyd Mens Doubles (2023); Avon County Championships 2022 Mens Singles (2022) · 3 recent final(s),This event: Mens Doubles with Thomas Bradley · LTA no. 106968309,https://competitions.lta.org.uk/player-profile/7f45d513-0361-41b7-9f7a-dea1dd3e30dc
DAVENPORT T,Tom,Davenport,Tom Davenport,Great Britain,1999,,Lincolnshire (county),WTN Singles 15.9 / Doubles 14.0 · Career W-L 518-217 (70%) · 2026 W-L 30-7 (81%) · 3 recent title(s): LTA Padel British Tour Grade 2 East Glos Mens Doubles (2026); Port Sunlight Padel April G3 Mens Doubles (2026); LTA Padel British Tour Grade 2 – Slazenger Padel Clubs Leeds - ElevateSportPadel Mens Doubles (2026) · 2 recent final(s),This event: Mens Doubles with Alex Whitaker · LTA no. 103916665,https://competitions.lta.org.uk/player-profile/30f29451-545d-4481-b337-f12b2e57a5a2
DE LA MARE C,Chloe,De La Mare,Chloe De La Mare,Great Britain,2010,,Channel Islands (county),WTN Singles 24.4 / Doubles 17.3 · Career W-L 266-91 (75%) · 2026 W-L 20-5 (80%) · 1 recent title(s): LTA Padel British Tour Grade 2 – HOP Pro Durham Womens Doubles (2026) · 4 recent final(s),This event: Womens Doubles (3) with Victoria Nicholas · LTA no. 112373837,https://competitions.lta.org.uk/player-profile/7488ee52-ad23-413a-bb18-6e7c701119e0
DE LA MARE L,Liam,De La Mare,Liam De La Mare,Great Britain,2008,,Channel Islands (county),"WTN Singles 19.5 / Doubles 15.8 · Career W-L 235-135 (64%) · 2026 W-L 34-14 (71%) · 3 recent title(s): Rocq Capital Island (County) Championships (Guernsey Closed) U18 D (2026); LTA Padel British Tour Grade 1 – NSM & SPF Cup, Guernsey U18 D (2026); Langham Hall LTA Grade 3 - Guernsey Mens Doubles (2026) · 2 recent final(s)",This event: Mens Doubles with Olly Cull · LTA no. 110474098,https://competitions.lta.org.uk/player-profile/13868156-d509-4290-aedd-78ce27e50d19
DENIS R,Rocio,Denis,Rocio Denis,Great Britain,1986,,Sussex (county),WTN Singles 40.9 / Doubles 40.9 · Career W-L 19-5 (79%) · 2026 W-L 5-0 (100%) · 3 recent title(s): Game4Padel Tour - Withdean Sports Centre - Grade 5 Womens Doubles (2026); Game4Padel Tour Padel & Tennis Weekend 1 - Hove Beach Park - Grade 4 Padel Womens Doubles (2026); Winchester Padel Open Womens Doubles (2024) · 2 recent final(s),This event: Womens Doubles with Isabella Palling · LTA no. 124808381,https://competitions.lta.org.uk/player-profile/f936c708-dcb5-41fd-8d94-1fa03591389c
DERBYSHIRE B,Barbara,Derbyshire,Barbara Derbyshire,Great Britain,1965,,Derbyshire (county),WTN Singles 40.9 / Doubles 27.4 · Career W-L 46-38 (55%) · 2026 W-L 29-17 (63%) · 3 recent title(s): Padel Social House 50+ Padel Grade 4 WD 50+ (2026); WPA Padel Competition - Grade 5 MD/WD 60+ WD 60+ (2026); LTA Padel British Tour Grade 2 - Padel Maidenhead WD 60+ (2026) · 2 recent final(s),This event: WD 60+ with Rachel Woolford · LTA no. 104503435,https://competitions.lta.org.uk/player-profile/13917ae1-47ee-439f-bc46-f71a961ab9d3
DESSALLES C,Christophe,Dessalles,Christophe Dessalles,Great Britain,1972,,Gloucestershire (county),WTN Singles 40.9 / Doubles 18.6 · Career W-L 38-22 (63%) · 2026 W-L 6-3 (67%) · 2 recent title(s): Padelspeed South Wales Padel County Championships MD 50+ (2025); East Glos Padel Champs 2025 MD 50+ (2025) · 3 recent final(s),This event: MD 50+ · LTA no. 116114518,https://competitions.lta.org.uk/player-profile/af3fdf87-28c7-4a0a-b492-cd8cd058aa5c
DEVA-NIX A,Aston,Deva-Nix,Aston Deva-Nix,Great Britain,2005,,Essex (county),WTN Singles 20.5 / Doubles 15.4 · Career W-L 330-198 (62%) · 2026 W-L 16-7 (70%) · 3 recent title(s): Square One Padel Club Grade 3 Mens Doubles (2026); Essex County Padel Championships 2025/2026 Mens Doubles (2026); LTA Grade 3 by Padel District Mens Doubles (2025) · 2 recent final(s),This event: Mens Doubles (7) with Steven Zahui · LTA no. 106439035,https://competitions.lta.org.uk/player-profile/8ef22bc8-a8f6-4cd8-b31b-3fecf674eb13
DEVENPORT E,Emma,Devenport,Emma Devenport,Great Britain,1968,,Channel Islands (county),WTN Singles 40.9 / Doubles 24.5 · Career W-L 49-26 (65%) · 2026 W-L 4-3 (57%) · 4 recent title(s): Berkshire County Padel Seniors G2 Open WD 50+ (2025); Langham Hall LTA Grade 3 - Guernsey Womens Doubles (2025); Langham Hall LTA Grade 3 - Guernsey WD 40+ (2025) · 1 recent final(s),This event: WD 50+ with Helen Cowlrick · LTA no. 100123473,https://competitions.lta.org.uk/player-profile/2bbdacfb-afbb-4474-99ef-c2a0166a5402
DIAL M,Minter,Dial,Minter Dial,Great Britain,1964,,Middlesex (county),WTN Singles 30.1 / Doubles 23.0 · Career W-L 78-60 (57%) · 2026 W-L 25-10 (71%) · 4 recent title(s): Rocket Padel Ilford - Grade 4 MD 50+ (2026); QC Padel Club Championships 2025 - 2026 - Open to QC Members only MD 50+ (2026); Padel4All Bracknell (Vets) - 05-03-26 - 06-03-26 XD 60+ (2026) · 1 recent final(s),This event: MD 60+ with David Alexander · LTA no. 114191073,https://competitions.lta.org.uk/player-profile/70d9cb61-2c00-42c3-8b4f-1075f5cc63d7
DICKSON D,Daisy,Dickson,Daisy Dickson,Great Britain,1982,,Surrey (county),"WTN Singles 40.9 / Doubles 18.9 · Career W-L 103-43 (71%) · 2026 W-L 33-10 (77%) · 5 recent title(s): LTA Padel British Tour Grade 1 – NSM & SPF Cup, Guernsey WD 40+ (2026); LTA Padel British Tour Grade 1 - Island Padel Jersey - Rathbones WD 40+ (2026); LTA Padel British Tour Grade 2 - Rocks Lane WD 40+ (2026)",This event: Womens Doubles (7) with Sophie Bray · LTA no. 100951574,https://competitions.lta.org.uk/player-profile/dfa64cad-49b6-40d0-8fb7-4a3093565d99
DIXON H,Harley,Dixon,Harley Dixon,Great Britain,2010,,Oxfordshire (county),WTN Singles 40.9 / Doubles 40.9 · Career W-L 147-100 (60%) · 2026 W-L 44-32 (58%) · 1 recent title(s): LTA Padel British Tour Grade 1 - Rocks Lane BD 16U (2026) · 4 recent final(s),This event: Mens Doubles with Matty Hands · LTA no. 119356702,https://competitions.lta.org.uk/player-profile/cb274e8f-7ea0-496a-875e-e7798beb33c0
DOLLIMORE C,Cameron,Dollimore,Cameron Dollimore,Great Britain,2001,,Middlesex (county),WTN Singles 40.9 / Doubles 16.3 · Career W-L 170-163 (51%) · 2026 W-L 5-3 (62%) · 1 recent title(s): LTA Padel National Tour - Grade 2 - Middlesbrough Padel Club Mens Doubles (2024) · 4 recent final(s),This event: Mens Doubles (5) with Rio Hanif · LTA no. 114395417,https://competitions.lta.org.uk/player-profile/03e73ab9-a65f-4036-9c91-d9a2ad56be13
DONALD M,Mandy,Donald,Mandy Donald,Great Britain,1970,,Kent (county),WTN Singles 40.9 / Doubles 27.1 · Career W-L 78-123 (39%) · 2026 W-L 20-31 (39%) · 2 recent title(s): Rocket Padel Ilford - Grade 3 WD 40+ (2026); Smash Padel Bicester Men's & Ladie's Over 40's WD 40+ (2025) · 3 recent final(s),This event: WD 40+ with Vivien Linehan; WD 50+ with Vivien Linehan · LTA no. 121705495,https://competitions.lta.org.uk/player-profile/49027311-bec3-4190-9098-976071208286
DUNN A,Andrew,Dunn,Andrew Dunn,Great Britain,2011,,Oxfordshire (county),WTN Singles 25.1 / Doubles 18.9 · Career W-L 578-412 (58%) · 2026 W-L 40-15 (73%) · 4 recent title(s): Oxfordshire Padel County Championships 2026 BD U18 (2026); Oxfordshire Padel County Championships 2026 Mens Doubles (2026); Oxfordshire Padel County Championships 2026 Mixed Doubles (2026) · 1 recent final(s),This event: Mens Doubles with Nathan Baggett · LTA no. 112421782,https://competitions.lta.org.uk/player-profile/92e22731-2e78-447b-afed-eabbadcf322a
DUNSEATH J,John,Dunseath,John Dunseath,Great Britain,1974,,Yorkshire (county),WTN Singles 23.4 / Doubles 17.8 · Career W-L 160-93 (63%) · 2026 W-L 21-7 (75%) · 3 recent title(s): LTA Padel British Tour Grade 2 – Middlesborough Padel Club MD 50+ (2026); LTA Padel British Tour Grade 2 – Slazenger Padel Clubs Leeds - ElevateSportPadel MD 50+ (2026); LTA Padel National Championships 2025 MD 50+ (2025) · 2 recent final(s),This event: MD 50+ with Martin Calvert · LTA no. 112498828,https://competitions.lta.org.uk/player-profile/fb1602a8-3882-4dce-b8c4-05d81ce27c38
ECCLETON J,Jamie,Eccleton,Jamie Eccleton,Great Britain,1992,,Middlesex (county),WTN Singles 23.5 / Doubles 14.8 · Career W-L 146-69 (68%) · 2026 W-L 16-7 (70%) · 1 recent title(s): LTA Padel National Tour - National Tennis Centre Mens Doubles (2023) · 4 recent final(s),This event: Mens Doubles with George Weller · LTA no. 111024827,https://competitions.lta.org.uk/player-profile/d655c392-9b30-454d-bae6-9e4f7c9de1ce
ELLIS H,Heidi,Ellis,Heidi Ellis,Great Britain,2010,,Oxfordshire (county),WTN Singles 30.2 / Doubles 25.7 · Career W-L 203-282 (42%) · 2026 W-L 20-18 (53%) · 2 recent title(s): Smash Padel Bicester Grade 4 Womens Doubles (2026); Smash Padel Bicester Juniors Tournament GD 16U (2026) · 3 recent final(s),This event: Womens Doubles with Harriet Willock · LTA no. 112241057,https://competitions.lta.org.uk/player-profile/ef059049-dc76-496d-b0c1-3658cd87d4ff
ENGLAND M,Max,England,Max England,Great Britain,1993,,Surrey (county),WTN Singles 15.3 / Doubles 16.5 · Career W-L 376-229 (62%) · 2026 W-L 6-8 (43%) · 4 recent title(s): LTA Padel County - Rocks Lane Chiswick Mens Doubles (2023); St. George's Hill Open Tournament 2014 Open Mens Singles (2014); Magdalen Park Senior Open Tournament 2014 Open Mens Doubles (2014) · 1 recent final(s),This event: Mens Doubles with Craig Cox · LTA no. 102720764,https://competitions.lta.org.uk/player-profile/229c9800-c778-4e43-8647-0287f460b03f
ENGLAND S,Simon,England,Simon England,Great Britain,1960,,Dorset (county),WTN Singles 32.9 / Doubles 22.4 · Career W-L 197-85 (70%) · 2026 W-L 20-7 (74%) · 5 recent title(s): Dorset County Padel Championships 2026 MD 50+ (2026); Dorset County Padel Championships 2026 XD 50+ (2026); LTA Padel British Tour Grade 2 – Slazenger Padel Clubs Leeds - ElevateSportPadel MD 60+ (2026),This event: MD 60+ with Jon Foster · LTA no. 100117533,https://competitions.lta.org.uk/player-profile/a07f0fba-b14b-4fff-9e76-6553e55bc8f2
EZRA A,Adrian,Ezra,Adrian Ezra,Great Britain,1971,,Gloucestershire (county),WTN Singles 40.9 / Doubles 19.6 · Career W-L 135-62 (69%) · 2026 W-L 8-3 (73%) · 4 recent title(s): Gloucestershire Padel Champs 2025 MD 50+ (2025); NSM and SPF LTA Padel Tour Grade 1 - Guernsey MD 50+ (2025); LTA Padel Seniors Tour - West Worthing Club MD 50+ (2025) · 1 recent final(s),This event: MD 50+ with Romain Luquet · LTA no. 108291371,https://competitions.lta.org.uk/player-profile/997a11cf-9c35-48ab-aa8f-a7d6ef1efa16
FARRAR A,Andrew,Farrar,Andrew Farrar,Great Britain,1964,,Yorkshire (county),WTN Singles 40.9 / Doubles 40.9 · Career W-L 12-20 (38%) · 2026 W-L 9-15 (38%) · 1 recent final(s),This event: MD 60+ with Michael Kasher · LTA no. 132969246,https://competitions.lta.org.uk/player-profile/363acbb5-5ba9-4f14-b2bf-5285ec69dda3
FARRAR S,Stuart,Farrar,Stuart Farrar,Great Britain,1962,,Somerset (county),WTN Singles 40.9 / Doubles 25.8 · Career W-L 56-54 (51%) · 2026 W-L 17-15 (53%) · 1 recent title(s): LTA Padel British Tour Grade 2 - Padel Maidenhead MD 60+ (2026) · 4 recent final(s),This event: MD 60+ with Graham Howell · LTA no. 114590523,https://competitions.lta.org.uk/player-profile/3ee2e42f-48de-4198-b3e3-8ac15abd4165
FENTON G,Gary,Fenton,Gary Fenton,Great Britain,1981,,Avon (county),WTN Singles 40.9 / Doubles 19.1 · Career W-L 136-143 (49%) · 2026 W-L 10-9 (53%) · 1 recent title(s): Avon Padel County Championships Mixed Doubles (2025) · 2 recent final(s),This event: Mens Doubles with Ryan Williams · LTA no. 104357275,https://competitions.lta.org.uk/player-profile/ac036a49-7de9-4a0f-bfde-b33660fd7190
FINEGOLD C,Cathy,Finegold,Cathy Finegold,Great Britain,1967,,Surrey (county),"WTN Singles 29.5 / Doubles 22.9 · Career W-L 317-245 (56%) · 2026 W-L 27-15 (64%) · 2 recent title(s): UK PADEL Epsom LTC Grade 3 (U18, MD, WD OPEN) Womens Doubles (2026); Advantage Padel Kingsley - Grade 4 - Womens Doubles (2026) · 3 recent final(s)",This event: WD 40+ (3) with Pippa Vincent; WD 50+ (4) with Pippa Vincent · LTA no. 107222548,https://competitions.lta.org.uk/player-profile/185bc111-2651-40b2-93f7-ae735c2b3ced
FLATLEY H,Holly,Flatley,Holly Flatley,Great Britain,1986,,Avon (county),WTN Singles 40.9 / Doubles 27.4 · Career W-L 7-4 (64%) · 2026 W-L 7-2 (78%) · 1 recent title(s): Rocket Padel Bristol Grade 4 WD 40+ (2026),This event: WD 40+ with Louisa Loveridge · LTA no. 128360433,https://competitions.lta.org.uk/player-profile/05094988-5cf4-4c08-83c3-e212613c59ee
FOSTER J,Jon,Foster,Jon Foster,Great Britain,1964,,Warwickshire (county),WTN Singles 40.9 / Doubles 40.9 · Career W-L 18-1 (95%) · 2026 W-L 3-0 (100%) · 4 recent title(s): LTA Padel National Championships 2025 MD 60+ (2025); UK PADEL Surrey Gold Senior Tour Grade 3 MD 60+ (2025); Hampshire & IOW Padel County Championships 2024 Mens Doubles (2024) · 1 recent final(s),This event: MD 60+ with Simon England · LTA no. 113988565,https://competitions.lta.org.uk/player-profile/f2858ae3-938d-4c83-b41b-4f870033eb77
FOSTER S,Stuart,Foster,Stuart Foster,Great Britain,1963,,Hertfordshire (county),WTN Singles 23.7 / Doubles 24.6 · Career W-L 419-289 (59%) · 2026 W-L 16-12 (57%) · 3 recent title(s): Hertfordshire Open & Senior County Championships 2026 MD 60+ (2026); Hertfordshire Padel County Championships 2025 MD 60+ (2025); Hertfordshire Open & Senior County Championships 2025 MD 60+ (2025) · 2 recent final(s),This event: MD 60+ with Jeremy Hammond · LTA no. 100086805,https://competitions.lta.org.uk/player-profile/20c61bba-56bf-486b-8025-12ea6a5edcfd
FRANCIS-POPE J,Jo,Francis-Pope,Jo Francis-Pope,Great Britain,1960,,Avon (county),WTN Singles 33.7 / Doubles 24.8 · Career W-L 149-90 (62%) · 2026 W-L 23-18 (56%) · 3 recent title(s): Padel4All Bracknell (Vets) - 05-03-26 - 06-03-26 XD 65+ (2026); Rocket Padel Bristol Grade 5 WD 40+ (2026); Gerrards Cross LTC International Veterans Grass Court Tournament 2011 Women's 50 Singles (2011) · 2 recent final(s),This event: WD 50+ with Kate Beaumont; WD 60+ with Kate Beaumont · LTA no. 100090607,https://competitions.lta.org.uk/player-profile/d10e59dc-6157-41c1-b70c-a783adfd81a7
FULLER J,John,Fuller,John Fuller,Great Britain,1963,,Yorkshire (county),"WTN Singles 40.9 / Doubles 21.8 · Career W-L 101-78 (56%) · 2026 W-L 27-21 (56%) · 2 recent title(s): Slazenger Padel Leeds - Grade 3, 4, 5 MD 50+ (2026); Slazenger Padel Leeds - Grade 3, 4, 5 MD 60+ (2026) · 3 recent final(s)",This event: MD 60+ (3) with Neil Baldwin · LTA no. 120994907,https://competitions.lta.org.uk/player-profile/f1af26c1-5b5c-4582-bece-d5dc8f746ef6
GARFORTH-BLES S,Simon,Garforth-Bles,Simon Garforth-Bles,Great Britain,1992,,Middlesex (county),WTN Singles 40.9 / Doubles 16.1 · Career W-L 112-62 (64%) · 2026 W-L 14-5 (74%) · 2 recent title(s): SPC LTA Grade 3 Mens Doubles (2026); The 3rd Welsh Padel Open Mens Doubles (2025) · 3 recent final(s),This event: Mens Doubles with Mikel Suarez · LTA no. 114027723,https://competitions.lta.org.uk/player-profile/d1ee9a80-eb6a-4d43-89ef-2b03ae271f1b
GARTON T,Theo,Garton,Theo Garton,Great Britain,2004,,Durham & Cleveland (county),WTN Singles 22.0 / Doubles 14.9 · Career W-L 565-228 (71%) · 2026 W-L 0-0 · 3 recent title(s): Slazenger Padel Weekend - Grade 1 & 2 Mens Doubles (2025); PTUK - LTA Padel National Tour Grade 2 & Mixed Doubles Mens Doubles (2025); Slazenger Padel Weekend - Grade 2 Mens Doubles (2025) · 2 recent final(s),This event: Mens Doubles (3) with Jake Bewley · LTA no. 106140966,https://competitions.lta.org.uk/player-profile/d6b67660-27ac-45fc-8a56-aadb8d143553
GAUNT E,Emily,Gaunt,Emily Gaunt,Great Britain,1989,,Surrey (county),Career W-L 6-10 (38%) · 2026 W-L 6-10 (38%) · 1 recent title(s): LTA Padel Grade 4 - Rocks Lane Womens Doubles (2026),This event: Womens Doubles with Olivia Vickers · LTA no. 121256542,https://competitions.lta.org.uk/player-profile/e642b513-c93d-456f-8bcd-8d1ad8f880e9
GIBSON A,Aimee,Gibson,Aimee Gibson,Great Britain,1991,,Essex (county),WTN Singles 17.3 / Doubles 16.3 · Career W-L 425-150 (74%) · 2026 W-L 0-0 · 5 recent title(s): LTA Padel National Championships 2025 Womens Doubles (2025); LTA Grade 1 Open Stratford Padel Club Year End Womens Doubles (2025); NSM and SPF LTA Padel Tour Grade 1 - Guernsey Womens Doubles (2025),This event: Womens Doubles (1) with Catherine Rose · LTA no. 102158981,https://competitions.lta.org.uk/player-profile/b6f5aec7-e5e9-4a18-9a02-f5e2b964a9cd
GILBERT K,Keith,Gilbert,Keith Gilbert,Great Britain,1962,,Essex (county),WTN Singles 18.2 / Doubles 17.0 · Career W-L 108-24 (82%) · 2026 W-L 16-4 (80%) · 5 recent title(s): LTA Padel British Tour Grade 2 – Middlesborough Padel Club MD 60+ (2026); LTA Padel British Tour Grade 2 - Rocks Lane MD 60+ (2026); LTA Padel British Tour Grade 2 – Slazenger Padel Clubs Leeds - ElevateSportPadel MD 60+ (2026),This event: MD 60+ (1) with Michael Thorpe · LTA no. 103014224,https://competitions.lta.org.uk/player-profile/8d12725d-ede7-417f-94ed-b687389e60f0
GILES C,Craig,Giles,Craig Giles,Great Britain,1969,,Essex (county),WTN Singles 40.9 / Doubles 22.5 · Career W-L 50-38 (57%) · 2026 W-L 14-5 (74%) · 3 recent title(s): Game4Padel Tour Padel & Tennis Weekend 1 - Hove Beach Park - Grade 4 Padel MD 50+ (2026); LTA Padel Local Tour - Go Padel Maldon Mens Doubles (2022); Leigh & Westcliff LTA Championships 2014 45+ Mens Singles (2014) · 2 recent final(s),This event: MD 50+ with Stuart Worboys · LTA no. 107402106,https://competitions.lta.org.uk/player-profile/a4418c9e-deb0-40a4-926b-e5e6bb78deee
GISBERT GIMENO P,Patricia,Gisbert Gimeno,Patricia Gisbert Gimeno,Great Britain,1976,,Surrey (county),WTN Singles 40.9 / Doubles 19.4 · Career W-L 70-37 (65%) · 2026 W-L 26-9 (74%) · 2 recent title(s): LTA Padel British Tour Grade 1 - Rocks Lane WD 50+ (2026); LTA Padel British Tour Grade 2 - West Worthing Club WD 50+ (2026) · 3 recent final(s),This event: WD 40+ (2) with Chrissie Runnicles; WD 50+ (1) with Chrissie Runnicles · LTA no. 114978718,https://competitions.lta.org.uk/player-profile/dff8e04b-8271-46f3-8d07-eb5f5ff0bf84
GOMES C,Cameron,Gomes,Cameron Gomes,Great Britain,2007,,Channel Islands (county),WTN Singles 40.9 / Doubles 16.8 · Career W-L 44-46 (49%) · 2026 W-L 4-0 (100%) · 3 recent title(s): Rocq Capital Island (County) Championships (Guernsey Closed) Mens Doubles (2026); PT UK - LTA Padel National Tour Grade 2 Mens Doubles (2024); LTA Padel Youth - Guernsey Padel Club XD U18 (2023) · 2 recent final(s),This event: Mens Doubles (8) with Luke Gomes · LTA no. 119278937,https://competitions.lta.org.uk/player-profile/ebf59786-0528-4d72-aad7-ac83d464d42a
GOMES L,Luke,Gomes,Luke Gomes,Great Britain,2007,,Channel Islands (county),WTN Singles 40.9 / Doubles 24.8 · Career W-L 31-46 (40%) · 2026 W-L 4-0 (100%) · 2 recent title(s): Rocq Capital Island (County) Championships (Guernsey Closed) Mens Doubles (2026); LTA Padel Youth - Guernsey Padel Club XD U18 (2023) · 2 recent final(s),This event: Mens Doubles (8) with Cameron Gomes · LTA no. 119368607,https://competitions.lta.org.uk/player-profile/6eda126f-f456-437d-9063-4affaee640a4
GRADY J,Jack,Grady,Jack Grady,Great Britain,2002,,Lancashire (county),"WTN Singles 40.9 / Doubles 40.9 · Career W-L 29-29 (50%) · 2026 W-L 11-13 (46%) · 2 recent title(s): Slazenger Padel festival - Grade 3, 4, 5 Men's Doubles B Draw G4 (2025); LTA Padel County Tour - Grade 4 - Middlesbrough Padel Club Mens Doubles (2025) · 2 recent final(s)",This event: Mens Doubles with Ben Oakes · LTA no. 127859305,https://competitions.lta.org.uk/player-profile/49ce3954-c4eb-4133-b5fc-e3c44a21a628
GRAHAM M,Max,Graham,Max Graham,Great Britain,2002,,Northamptonshire (county),WTN Singles 12.0 / Doubles 8.7 · Career W-L 488-266 (65%) · 2026 W-L 9-10 (47%) · 4 recent title(s): Padel Studios - Open Men's + Ladies Grade 5 Mens Doubles (2026); COMPETE G3 Men's Open Fast4 Competition Open Mens Singles (2020); Tennis Solutions Masters Open At David Lloyd Bristol Open Mens Singles (2020) · 1 recent final(s),This event: Mens Doubles · LTA no. 106221137,https://competitions.lta.org.uk/player-profile/ee8d630d-f294-4631-b26b-be9d4ecd6802
GREATREX B,Ben,Greatrex,Ben Greatrex,Great Britain,2000,,Devon (county),WTN Singles 18.4 / Doubles 17.5 · Career W-L 430-368 (54%) · 2026 W-L 22-13 (63%) · 2 recent title(s): UK PADEL Wavehunter Open Grade 3 Mens Doubles (2026); UK PADEL Bajada Dorada Grade 3 Open Mens Doubles (2026) · 3 recent final(s),This event: Mens Doubles with David Palmer · LTA no. 105975892,https://competitions.lta.org.uk/player-profile/6ef5bd17-81b5-47e2-aeda-2edd604d748c
GREATREX J,Joel,Greatrex,Joel Greatrex,Great Britain,2000,,Devon (county),WTN Singles 18.6 / Doubles 15.0 · Career W-L 373-361 (51%) · 2026 W-L 26-11 (70%) · 2 recent title(s): Devon Senior County Closed 2026 Mens Doubles (2026); UK PADEL Bajada Dorada Grade 3 Open Mens Doubles (2026) · 3 recent final(s),This event: Mens Doubles (5) with Alfie James Woodger · LTA no. 105975884,https://competitions.lta.org.uk/player-profile/8982edf0-9035-4cbf-abd9-accf070ff143
GREEN P,Peter,Green,Peter Green,Great Britain,1978,,Hertfordshire (county),WTN Singles 40.9 / Doubles 40.9 · Career W-L 65-53 (55%) · 2026 W-L 26-18 (59%) · 1 recent title(s): Game4padel Tour- Parkside Padel Club- Seniors Grade 3 MD 40+ (2026) · 4 recent final(s),This event: MD 40+ with Adrian Meredith · LTA no. 123380624,https://competitions.lta.org.uk/player-profile/5f4291e0-e6a9-4131-89ce-4d74dbdeda56
GREGORY J,James,Gregory,James Gregory,Great Britain,2001,,Buckinghamshire (county),WTN Singles 19.5 / Doubles 17.1 · Career W-L 242-142 (63%) · 2026 W-L 25-14 (64%) · 3 recent title(s): UK PADEL Bucks Open County Closed Mens Doubles (2026); Game4Padel Tour- Chesham- Grade 5 Mens Doubles (2026); Padel Maidenhead - Grade 3 (Men's & Women's) Mens Doubles (2026) · 2 recent final(s),This event: Mens Doubles · LTA no. 104533329,https://competitions.lta.org.uk/player-profile/72a719e9-4931-46cb-9b2c-f96a1e9352a8
GRENFELL A,Adam,Grenfell,Adam Grenfell,Great Britain,1985,,Herefordshire & Worcestershire (county),Career W-L 27-24 (53%) · 2026 W-L 27-24 (53%) · 2 recent title(s): Padel Power - Open Men's + Ladies Grade 5 Mens Doubles (2026); CFS Herefordshire & Worcestershire Padel County Championships 2026 MD 40+ (2026) · 2 recent final(s),This event: Mens Doubles (10) with Ben Bryant · LTA no. 135038441,https://competitions.lta.org.uk/player-profile/b7df7ece-c0f5-4e4b-9b97-88144548e459
GRIFFITH W,William,Griffith,William Griffith,Great Britain,1965,,Cheshire (county),WTN Singles 40.9 / Doubles 29.0 · Career W-L 17-8 (68%) · 2026 W-L 17-8 (68%) · 2 recent final(s),This event: MD 60+ with Tim Crutchley · LTA no. 134060905,https://competitions.lta.org.uk/player-profile/eede5c98-39d5-4616-9252-c3b340c36b3e
GROVES N,Nicholas,Groves,Nicholas Groves,Great Britain,1966,,Dorset (county),Career W-L 1-4 (20%) · 2026 W-L 1-2 (33%),This event: MD 60+ with Brian Cooley · LTA no. 122203585,https://competitions.lta.org.uk/player-profile/7ebfe7f6-0184-4fc7-af2d-5189b3fee5ae
GUDZELAK B,Benjamin,Gudzelak,Benjamin Gudzelak,Great Britain,1979,,Yorkshire (county),WTN Singles 13.5 / Doubles 14.4 · Career W-L 233-146 (61%) · 2026 W-L 12-7 (63%) · 1 recent title(s): The Huddersfield Open 2019 Sponsored by Fruity Pot Open Mens Doubles (2019) · 4 recent final(s),This event: MD 40+ with Andrew Hamar · LTA no. 100786934,https://competitions.lta.org.uk/player-profile/ec70b7dd-5184-4a1a-883f-8992dfb29b9d
HALE T,Thomas,Hale,Thomas Hale,Great Britain,1979,,Avon (county),WTN Singles 40.9 / Doubles 22.7 · Career W-L 35-28 (56%) · 2026 W-L 21-9 (70%) · 3 recent title(s): Rocket Padel Bristol Grade 4 MD 40+ (2026); Rocket Padel Bristol 2 Day Grade 3 MD 40+ (2026); Rocket Padel Bristol Grade 5 MD 40+ (2026) · 2 recent final(s),This event: MD 40+ with Robert Akery · LTA no. 122421074,https://competitions.lta.org.uk/player-profile/4f79162c-ae2a-48a2-959e-1abbeba3cfd5
HALLIGAN B,Ben,Halligan,Ben Halligan,Great Britain,2003,,Hertfordshire (county),WTN Singles 18.7 / Doubles 19.8 · Career W-L 211-172 (55%) · 2026 W-L 25-28 (47%) · 3 recent title(s): LTA Padel Grade 4 - Rocks Lane Mens Doubles (2026); Rocks Lane Chiswick G4 Mens Doubles (2025); Central & East Tour - GLL Gosling Tennis Centre - 20-8-2022 MS (2022) · 2 recent final(s),This event: Mens Doubles (7) with Trevor Halligan · LTA no. 107121603,https://competitions.lta.org.uk/player-profile/072ec637-9fbd-4a83-a3f1-405874ef3283
HALLIGAN T,Trevor,Halligan,Trevor Halligan,Great Britain,1972,,Essex (county),WTN Singles 25.6 / Doubles 18.2 · Career W-L 112-112 (50%) · 2026 W-L 28-23 (55%) · 1 recent title(s): Game4Padel Tour- Parkside- Seniors Grade 3 MD 50+ (2026) · 4 recent final(s),This event: MD 50+ (1) with Alejandro Alonso; Mens Doubles (7) with Ben Halligan · LTA no. 107025639,https://competitions.lta.org.uk/player-profile/81fec559-adbd-4441-9380-3aca82dbc0df
HALSALL-RANDALL H,Hayley,Halsall-Randall,Hayley Halsall-Randall,Great Britain,1991,,Berkshire (county),WTN Singles 25.3 / Doubles 22.5 · Career W-L 257-92 (74%) · 2026 W-L 2-2 (50%) · 2 recent title(s): LTA Berkshire Padel County Championships 2025 Womens Doubles (2025); Berkshire Padel County Championships (Mixed) Mixed Doubles (2025) · 3 recent final(s),This event: Womens Doubles (6) with Sian Payne · LTA no. 102228944,https://competitions.lta.org.uk/player-profile/367a085d-9e03-4113-bc11-2376813b3424
HAMAR A,Andrew,Hamar,Andrew Hamar,Great Britain,1984,,Wales South (county),WTN Singles 19.0 / Doubles 14.8 · Career W-L 316-99 (76%) · 2026 W-L 9-1 (90%) · 5 recent title(s): Rocket Padel Bristol Grade 3 Mens Doubles (2026); Padel Tournaments UK - LTA Padel Regional Tour - Rocket Padel Mens Doubles (2023); LTA Padel Regional - We Are Padel Bristol Mens Doubles (2023),This event: MD 40+ with Benjamin Gudzelak · LTA no. 101311424,https://competitions.lta.org.uk/player-profile/10fc398e-d690-4b0c-931e-59821a986390
HAMMOND J,Jeremy,Hammond,Jeremy Hammond,Great Britain,1965,,Hampshire & Isle of Wight (county),WTN Singles 40.9 / Doubles 29.2 · Career W-L 17-25 (40%) · 2026 W-L 15-23 (39%) · 1 recent final(s),This event: MD 60+ with Stuart Foster · LTA no. 107373093,https://competitions.lta.org.uk/player-profile/02319d24-44e3-406d-ad5f-3082b7c98939
HANDS M,Matty,Hands,Matty Hands,Great Britain,2008,,Yorkshire (county),"WTN Singles 40.9 / Doubles 20.2 · Career W-L 66-48 (58%) · 2026 W-L 27-16 (63%) · 2 recent title(s): Slazenger Padel Blackburn - Grade 3, 4, 5 Mens Doubles (2026); Slazenger Padel Festival - Grade 3, 4, 5 Mens Doubles (2026) · 3 recent final(s)",This event: Mens Doubles with Harley Dixon · LTA no. 127860052,https://competitions.lta.org.uk/player-profile/5f970f84-2828-4674-89df-e7768eba2b71
HANGER J,Julie,Hanger,Julie Hanger,Great Britain,1976,,Sussex (county),WTN Singles 22.5 / Doubles 21.4 · Career W-L 213-86 (71%) · 2026 W-L 18-7 (72%) · 4 recent title(s): Game4Padel Tour - Withdean - Grade 4 WD 50+ (2026); Advantage Padel Kingsley Womens Doubles (2026); Tennis Sussex Men’s and Women's Over 40 County Padel Championships 2025 WD 40+ (2025) · 1 recent final(s),This event: WD 50+ with Stephanie Trill · LTA no. 100192222,https://competitions.lta.org.uk/player-profile/8250c032-5d3d-47fb-9b44-1e43c78ef876
HANGER R,Rhys,Hanger,Rhys Hanger,Great Britain,1977,,Sussex (county),WTN Singles 14.6 / Doubles 17.1 · Career W-L 145-37 (80%) · 2026 W-L 16-5 (76%) · 4 recent title(s): Sussex Men’s Over 40 Padel Championship 2026 MD 40+ (2026); Christ Hospital (Horsham) Padel Over 40 spring challenge MD 40+ (2026); LTA Padel British Tour Grade 2 - Padel Maidenhead MD 40+ (2026) · 1 recent final(s),This event: MD 40+ (2) with Andy Paterson · LTA no. 100104009,https://competitions.lta.org.uk/player-profile/5a918476-6942-437e-8a7d-8e6e0dc2bb88
HANIF J,Jason,Hanif,Jason Hanif,Great Britain,1976,,Essex (county),WTN Singles 24.4 / Doubles 23.9 · Career W-L 24-25 (49%) · 2026 W-L 18-14 (56%) · 3 recent final(s),This event: MD 40+ with Ken Randlesome; MD 50+ (3) with Ken Randlesome · LTA no. 111077019,https://competitions.lta.org.uk/player-profile/892069bd-ead8-4226-b472-2eb30042f962
HANIF R,Rio,Hanif,Rio Hanif,Great Britain,2007,,Essex (county),"WTN Singles 18.0 / Doubles 16.0 · Career W-L 480-206 (70%) · 2026 W-L 44-6 (88%) · 3 recent title(s): LTA Padel British Tour Grade 2 - HOP Pro Cardiff Mens Doubles (2026); LTA Padel British Tour Grade 2 – Slazenger Padel Clubs Leeds - ElevateSportPadel Mens Doubles (2026); LTA Padel British Tour Grade 2 – PADELHUB, Crawley Mens Doubles (2026) · 2 recent final(s)",This event: Mens Doubles (5) with Cameron Dollimore · LTA no. 110268077,https://competitions.lta.org.uk/player-profile/d8584b01-e9eb-4029-8d2b-de8bd3ae028c
HARRIS B,Ben,Harris,Ben Harris,Great Britain,1992,,Avon (county),WTN Singles 40.9 / Doubles 21.6 · Career W-L 48-28 (63%) · 2026 W-L 25-14 (64%) · 2 recent title(s): Rocket Padel Bristol Grade 5 Mens Doubles (2026); ROAD2LONDON.com GOLD - LTA G4 @ Padel4All Bristol Mens Doubles (2026) · 3 recent final(s),This event: Mens Doubles with Benji Waring · LTA no. 126238364,https://competitions.lta.org.uk/player-profile/63b0f746-ccdc-4171-92a6-871ec76d11b1
HARRIS K,Kingsley,Harris,Kingsley Harris,Great Britain,1970,,Gloucestershire (county),WTN Singles 25.6 / Doubles 17.7 · Career W-L 150-29 (84%) · 2026 W-L 27-3 (90%) · 5 recent title(s): LTA Padel Grade 3 East Glos MD 50+ (2026); LTA Padel County Championships Gloucestershire 2026 MD 40+ (2026); LTA Padel County Championships Gloucestershire 2026 MD 50+ (2026),This event: MD 50+ (2) with Peter Wright · LTA no. 100028499,https://competitions.lta.org.uk/player-profile/0cc28568-df47-4918-b133-b1ec4912c442
HARRIS L,Louie,Harris,Louie Harris,Great Britain,2002,,Wales South (county),WTN Singles 40.9 / Doubles 12.4 · Career W-L 143-32 (82%) · 2026 W-L 4-1 (80%) · 2 recent title(s): LTA Padel National Championships 2025 Mens Doubles (2025); adidas HOP Pro London - LTA Padel National Tour Grade 1 Mens Doubles (2025) · 3 recent final(s),This event: Mens Doubles (1) with Alexander Loughlan · LTA no. 104992034,https://competitions.lta.org.uk/player-profile/05fc2b39-73f1-4795-9ff4-08a8678931fc
HATCHETT N,Nicholas,Hatchett,Nicholas Hatchett,Great Britain,1987,,Scotland North (county),WTN Singles 17.9 / Doubles 13.7 · Career W-L 290-127 (70%) · 2026 W-L 14-6 (70%) · 4 recent title(s): LTA Padel British Tour Grade 2 - Powerleague Sighthill Mens Doubles (2026); Watergate Bay Sundowner Open Grade 3 Mens Doubles (2025); Rocks Lane LTA Padel British Tour Grade 1 & Seniors Mens Doubles (2025) · 1 recent final(s),This event: Mens Doubles with Sam Macneil · LTA no. 101494239,https://competitions.lta.org.uk/player-profile/d61ec800-dcd1-475b-b86d-bcb9e158a7cd
HATTON N,Natalie,Hatton,Natalie Hatton,Great Britain,1994,,Devon (county),WTN Singles 25.4 / Doubles 21.0 · Career W-L 231-123 (65%) · 2026 W-L 52-12 (81%) · 2 recent title(s): Devon Senior County Closed 2026 Womens Doubles (2026); UK PADEL Arigh me Ansum Grade 4 Womens Doubles (2026) · 3 recent final(s),This event: Womens Doubles with Nikki Trewin · LTA no. 103189967,https://competitions.lta.org.uk/player-profile/49a10ff9-1c6b-4ab4-918c-6e7993c8c20a
HAWKEY A,Aidan,Hawkey,Aidan Hawkey,Great Britain,2010,,Cornwall (county),WTN Singles 32.2 / Doubles 27.8 · Career W-L 85-109 (44%) · 2026 W-L 21-18 (54%) · 4 recent title(s): Cornwall County Padel Closed Mens Doubles (2026); Rocket Padel Bristol Grade 3 BD 16U (2026); UK PADEL New Year New Start Grade 4 Open Mens Doubles (2026) · 1 recent final(s),This event: Mens Doubles with Christian Oliver · LTA no. 113400295,https://competitions.lta.org.uk/player-profile/88c86716-f0d0-41d2-8cd4-7531432caec4
HAYDAY O,Oliver,Hayday,Oliver Hayday,Great Britain,2007,,Essex (county),WTN Singles 40.9 / Doubles 17.1 · Career W-L 132-92 (59%) · 2026 W-L 18-11 (62%) · 2 recent title(s): Essex County Padel Championships 2025/2026 Mens Doubles (2026); adidas HOP Pro North London BD U18 (2024) · 3 recent final(s),This event: Mens Doubles (6) with Benjamin Coeulle · LTA no. 117226615,https://competitions.lta.org.uk/player-profile/03f0a969-8b0f-4d19-a095-c76fabbda2bd
HAZZARD A,Alicia,Hazzard,Alicia Hazzard,Great Britain,1990,,Wiltshire (county),"WTN Singles 40.9 / Doubles 22.1 · Career W-L 116-38 (75%) · 2026 W-L 13-4 (76%) · 3 recent title(s): City Padel Exeter Grade 3 Womens Doubles (2026); Slazenger Padel Swindon - Grade 3, 4, 5 Womens Doubles (2026); Wiltshire County Padel Championships 2024 Womens Doubles (2024) · 2 recent final(s)",This event: Womens Doubles with Connie Simpson · LTA no. 101563119,https://competitions.lta.org.uk/player-profile/0d26b72b-ab2d-4f21-8579-35ad7745c283
HAZZARD K,Karen,Hazzard,Karen Hazzard,Great Britain,1984,,Sussex (county),WTN Singles 20.6 / Doubles 19.8 · Career W-L 154-94 (62%) · 2026 W-L 8-6 (57%) · 2 recent title(s): Tennis Sussex Padel County Championships 2025 - Womens Open Womens Doubles (2025); Tennis Wales Padel Grade 1 Seniors 40+/50+ WD 40+ (2025) · 3 recent final(s),This event: WD 40+ with Lucie Wade; Womens Doubles with Lucie Wade · LTA no. 101284198,https://competitions.lta.org.uk/player-profile/a4d08bf4-2cbc-4d69-8393-eeb268be8522
HENDERSON A,Alan,Henderson,Alan Henderson,Great Britain,1977,,Surrey (county),WTN Singles 25.7 / Doubles 20.9 · Career W-L 71-96 (43%) · 2026 W-L 5-4 (56%) · 1 recent title(s): Surrey County Open Padel Championships 2022 Mens Doubles (2022),This event: MD 40+ with Ed Myhill · LTA no. 108294006,https://competitions.lta.org.uk/player-profile/6bea2ef0-88f3-48d8-9054-65d8cd1df376
HILL T,Tabitha,Hill,Tabitha Hill,Great Britain,1981,,Devon (county),WTN Singles 40.9 / Doubles 21.8 · Career W-L 31-14 (69%) · 2026 W-L 6-4 (60%) · 5 recent title(s): UK PADEL Tallo Open Grade 3 Womens Doubles (2026); Rocket Padel Bristol Grade 4 Womens Doubles (2026); Devon Padel County Championships Womens Doubles (2025),This event: Womens Doubles with Abigail Wilkin · LTA no. 119681919,https://competitions.lta.org.uk/player-profile/0c6f15bf-a088-43b5-8827-5acb77ff5014
HORN N,Nicky,Horn,Nicky Horn,Great Britain,1966,,Yorkshire (county),"WTN Singles 40.9 / Doubles 22.4 · Career W-L 99-48 (67%) · 2026 W-L 30-9 (77%) · 4 recent title(s): LTA Padel British Tour Grade 2 – Slazenger Padel Clubs Leeds - ElevateSportPadel WD 50+ (2026); LTA Padel British Tour Grade 2 – Slazenger Padel Clubs Leeds - ElevateSportPadel WD 60+ (2026); Slazenger Padel Leeds - Grade 3, 4, 5 WD 50+ (2026) · 1 recent final(s)",This event: WD 50+ (2) with Ashley Mears; WD 60+ (1) with Ashley Mears · LTA no. 112782404,https://competitions.lta.org.uk/player-profile/5b448c9c-bebb-457d-8429-29af94a0f99c
HOWELL G,Graham,Howell,Graham Howell,Great Britain,1966,,Avon (county),WTN Singles 22.5 / Doubles 22.8 · Career W-L 79-36 (69%) · 2026 W-L 15-11 (58%) · 1 recent title(s): Rocket Padel Bristol 2 Day Grade 3 MD 60+ (2026),This event: MD 60+ with Stuart Farrar · LTA no. 100531841,https://competitions.lta.org.uk/player-profile/b46888af-60a0-41b6-a138-aac195964625
HOWELL H,Huxley,Howell,Huxley Howell,Great Britain,2001,,Avon (county),WTN Singles 40.9 / Doubles 40.9 · Career W-L 24-14 (63%) · 2026 W-L 23-10 (70%) · 2 recent title(s): Rocket Padel Bristol Grade 4 Mens Doubles (2026); Rocket Padel Bristol Grade 5 Mens Doubles (2026) · 1 recent final(s),This event: Mens Doubles (8) with Nicholas Walters · LTA no. 128522496,https://competitions.lta.org.uk/player-profile/cdfa463c-23b1-4069-a9eb-6f0a4833ebca
JACKSON L,Laura,Jackson,Laura Jackson,Great Britain,1999,,Cheshire (county),WTN Singles 24.9 / Doubles 18.3 · Career W-L 179-106 (63%) · 2026 W-L 11-3 (79%) · 2 recent title(s): LTA Padel British Tour Grade 2 – Padel United The Wirral Womens Doubles (2026); LTA Padel British Tour Grade 2 - The Welsh Padel Open 2026 Womens Doubles (2026) · 3 recent final(s),This event: Womens Doubles (2) with Rosie Quirk · LTA no. 104535551,https://competitions.lta.org.uk/player-profile/b60348fb-5611-4b67-8b73-8b4541faf2fe
JARVIS P,Pete,Jarvis,Pete Jarvis,Great Britain,1966,,Dorset (county),WTN Singles 22.6 / Doubles 25.1 · Career W-L 67-68 (50%) · 2026 W-L 13-14 (48%) · 2 recent title(s): Dorset County Championships 2022 MS 45+ (2022); Dorset County Championships 2018 45+ Mens Singles (2018) · 2 recent final(s),This event: MD 60+ with Paul Johnson · LTA no. 111715719,https://competitions.lta.org.uk/player-profile/bc8f09cb-3344-4018-9625-b9a955f99f75
JEFFERIES J,Jack,Jefferies,Jack Jefferies,Great Britain,2000,,Avon (county),WTN Singles 28.0 / Doubles 26.6 · Career W-L 89-53 (63%) · 2026 W-L 19-7 (73%) · 2 recent title(s): Padelspeed HoS Cardiff Mens Doubles (2026); Rocket Padel Bristol Grade 5 Mens Doubles (2026) · 2 recent final(s),This event: Mens Doubles with Tom Marshall · LTA no. 108603898,https://competitions.lta.org.uk/player-profile/28533c51-d48e-4e05-91b8-5e2f725a48e2
JELOVAC B,Bojan,Jelovac,Bojan Jelovac,Great Britain,1985,,Surrey (county),WTN Singles 13.4 / Doubles 12.2 · Career W-L 212-122 (63%) · 2026 W-L 14-6 (70%) · 2 recent title(s): Roehampton Club Championships - MEMBERS ONLY Mens Doubles (2025); Roehampton Club Championships - MEMBERS ONLY Mixed Doubles (2025) · 3 recent final(s),This event: MD 40+; Mens Doubles with Oscar Warneryd · LTA no. 101252679,https://competitions.lta.org.uk/player-profile/093ecc82-eab5-4793-b861-478f1b65890d
JENNER B,Bea,Jenner,Bea Jenner,Great Britain,1986,,Norfolk (county),WTN Singles 40.9 / Doubles 22.0 · Career W-L 65-64 (50%) · 2026 W-L 33-34 (49%) · 1 recent final(s),This event: MD 40+ (3) with Freddie Jenner; Mens Doubles with Ben Stevenson · LTA no. 122141908,https://competitions.lta.org.uk/player-profile/dd1c988b-b8eb-4ed7-b56d-311fc2083a96
JENNER F,Freddie,Jenner,Freddie Jenner,Great Britain,1983,,Norfolk (county),WTN Singles 40.9 / Doubles 17.6 · Career W-L 76-74 (51%) · 2026 W-L 14-10 (58%) · 1 recent title(s): LTA Grade 4 by PADEL DISTRICT Mens Doubles (2026) · 4 recent final(s),This event: MD 40+ (3) with Bea Jenner · LTA no. 115920644,https://competitions.lta.org.uk/player-profile/8150d13a-59a8-4585-96ff-e20f54fb1d92
JOHNSON P,Paul,Johnson,Paul Johnson,Great Britain,1966,,Surrey (county),"WTN Singles 40.9 / Doubles 21.3 · Career W-L 136-89 (60%) · 2026 W-L 28-16 (64%) · 1 recent title(s): Slazenger Padel Swindon - Grade 3, 4, 5 MD 50+ (2026) · 4 recent final(s)",This event: MD 50+ (5) with Neil Simmonds; MD 60+ with Pete Jarvis · LTA no. 109196886,https://competitions.lta.org.uk/player-profile/ab3ba126-9ae4-4d0a-a3f3-66d035de3fdd
JONES J,Julie,Jones,Julie Jones,Great Britain,1966,,Avon (county),WTN Singles 40.9 / Doubles 21.9 · Career W-L 47-23 (67%) · 2026 W-L 25-8 (76%) · 2 recent title(s): Rocket Padel Bristol 2 Day Grade 3 WD 60+ (2026); Avon Padel County Championships Womens Doubles (2025) · 3 recent final(s),This event: WD 40+ with Sarah Thomas; WD 60+ with Sarah Thomas · LTA no. 104178205,https://competitions.lta.org.uk/player-profile/bf506f78-8651-49d7-b912-7a85d1748118
JONES S,Sam,Jones,Sam Jones,Great Britain,1999,,Essex (county),WTN Singles 40.9 / Doubles 12.1 · Career W-L 58-24 (71%) · 2026 W-L 5-1 (83%) · 2 recent title(s): LTA Padel British Tour Grade 1 - Rocks Lane Mens Doubles (2026); LTA Padel British Tour - Stratford Padel Club Mens Doubles (2023) · 3 recent final(s),This event: Mens Doubles (4) with Nikhil Mohindra · LTA no. 114610479,https://competitions.lta.org.uk/player-profile/b29809c1-57cf-4d8a-bdc1-ef9f0b1826bd
KASHER M,Michael,Kasher,Michael Kasher,Great Britain,1965,,Yorkshire (county),WTN Singles 40.9 / Doubles 40.9 · Career W-L 8-10 (44%) · 2026 W-L 8-10 (44%) · 1 recent final(s),This event: MD 60+ with Andrew Farrar · LTA no. 134457655,https://competitions.lta.org.uk/player-profile/8141b725-87f3-4fb9-8f0c-50716dac493f
KAYE O,Oliver,Kaye,Oliver Kaye,Great Britain,1993,,Yorkshire (county),"WTN Singles 22.7 / Doubles 14.6 · Career W-L 111-79 (58%) · 2026 W-L 19-5 (79%) · 3 recent title(s): ElevateSportPadel - Slazenger Padel Blackburn - G3, G4, G5 Mens Doubles (2026); LTA Padel Grade 3 East Glos Mens Doubles (2026); LTA Padel Grade 3 - Wetherby Padel Club Mens Doubles (2026) · 2 recent final(s)",This event: Mens Doubles with Joshua Lazenby · LTA no. 102544888,https://competitions.lta.org.uk/player-profile/ba32ac96-b6ff-442c-b1ce-d0fd9c9155fe
KEDDIE A,Alice,Keddie,Alice Keddie,Great Britain,1996,,Surrey (county),"WTN Singles 20.7 / Doubles 18.2 · Career W-L 258-89 (74%) · 2026 W-L 15-3 (83%) · 3 recent title(s): LTA Padel British Tour Grade 2 - HOP Pro Cardiff Womens Doubles (2026); LTA Padel British Tour Grade 1 - Rocks Lane Womens Doubles (2026); LTA Padel British Tour Grade 1 – NSM & SPF Cup, Guernsey Womens Doubles (2026) · 2 recent final(s)",This event: Womens Doubles (4) with Lisa Phillips · LTA no. 103275224,https://competitions.lta.org.uk/player-profile/b092dcd8-0066-4c26-b42c-17a6aaed4968
LAU J,Jane,Lau,Jane Lau,Great Britain,1984,,Essex (county),WTN Singles 30.8 / Doubles 23.5 · Career W-L 31-24 (56%) · 2026 W-L 22-14 (61%) · 2 recent title(s): LTA Padel British Tour Grade 2 - Padel Maidenhead WD 40+ (2026); Square One Padel Club Womens Doubles (2026) · 1 recent final(s),This event: WD 40+ (4) with Lezaanne Vermeulen · LTA no. 119283483,https://competitions.lta.org.uk/player-profile/f40b4694-f62c-4d28-86c7-f568cad783f1
LAZENBY J,Joshua,Lazenby,Joshua Lazenby,Great Britain,1999,,Yorkshire (county),"WTN Singles 14.3 / Doubles 14.7 · Career W-L 545-231 (70%) · 2026 W-L 36-10 (78%) · 4 recent title(s): ElevateSportPadel - Slazenger Padel Blackburn - G3, G4, G5 Mens Doubles (2026); ElevateSportPadel - Slazenger Padel leeds - Grade 3, 4, 5 Mens Doubles (2026); LTA Padel Grade 3 East Glos Mens Doubles (2026) · 1 recent final(s)",This event: Mens Doubles with Oliver Kaye · LTA no. 103906724,https://competitions.lta.org.uk/player-profile/8ea90c3b-86cb-4ff4-aa33-fb6f1e62a126
LEGG C,Charles,Legg,Charles Legg,Great Britain,1971,,Devon (county),Career W-L 0-0 · 2026 W-L 0-0,This event: MD 50+ · LTA no. 133992472,https://competitions.lta.org.uk/player-profile/7330acc0-6d71-49aa-9be2-ba961bc6dc63
LEVER J,James,Lever,James Lever,Great Britain,1970,,Hertfordshire (county),Career W-L 11-18 (38%) · 2026 W-L 4-7 (36%) · 2 recent final(s),This event: MD 50+ with Ben Dale-Jones · LTA no. 126152834,https://competitions.lta.org.uk/player-profile/8b8287f6-820f-4ee3-82d6-84c242652edc
LEYTHAM A,Aleister,Leytham,Aleister Leytham,Great Britain,1983,,Avon (county),WTN Singles 24.4 / Doubles 25.7 · Career W-L 58-25 (70%) · 2026 W-L 18-8 (69%) · 3 recent title(s): Rocket Padel Bristol Grade 4 Mens Doubles (2026); UK PADEL Princes Seniors (MD O40 & O50) MD 40+ (2026); Padelstars Taunton Grade 5 – 06.06.26 Mens Doubles (2026) · 2 recent final(s),This event: Mens Doubles · LTA no. 111194924,https://competitions.lta.org.uk/player-profile/4b1fff2a-c3b1-44cc-9faf-5c65217327a1
LINEHAN V,Vivien,Linehan,Vivien Linehan,Great Britain,1969,,Surrey (county),WTN Singles 32.3 / Doubles 24.5 · Career W-L 145-121 (55%) · 2026 W-L 19-18 (51%) · 2 recent title(s): Road2London SILVER - LTA G4 Womens Doubles (2025); Stratford Padel Club Seniors G3 WD 50+ (2025) · 3 recent final(s),This event: WD 40+ with Mandy Donald; WD 50+ with Mandy Donald · LTA no. 110929083,https://competitions.lta.org.uk/player-profile/f4cb1b48-84b3-4c93-8cac-4900e8a266d8
LOCHRIE S,Sarah,Lochrie,Sarah Lochrie,Great Britain,1979,,Essex (county),"WTN Singles 40.9 / Doubles 19.4 · Career W-L 165-67 (71%) · 2026 W-L 32-13 (71%) · 4 recent title(s): LTA Padel British Tour Grade 1 - Rocks Lane WD 40+ (2026); LTA Padel British Tour Grade 2 - SMASH PADEL CARDIFF Womens Doubles (2026); LTA Padel British Tour Grade 1 – NSM & SPF Cup, Guernsey WD 40+ (2026) · 1 recent final(s)",This event: WD 40+ (1) with Sophie Cousins; Womens Doubles with Sophie Cousins · LTA no. 115694379,https://competitions.lta.org.uk/player-profile/775ccc11-e8c5-4376-99c6-a3425049ee86
LOCKHART E,Ewan,Lockhart,Ewan Lockhart,Great Britain,1964,,Avon (county),WTN Singles 23.9 / Doubles 23.2 · Career W-L 256-195 (57%) · 2026 W-L 17-21 (45%) · 3 recent title(s): Rocket Padel Bristol Grade 5 MD 50+ (2026); Avon Padel County Championships MD 60+ (2025); Avon Padel County Championships 2024 MD 60+ (2024),This event: MD 60+ with Martin Coulthard · LTA no. 104091186,https://competitions.lta.org.uk/player-profile/3f8bee0c-3b6e-4e9a-a4e0-15726d504044
LOUGHLAN A,Alexander,Loughlan,Alexander Loughlan,Great Britain,1995,,Cambridgeshire (county),WTN Singles 20.2 / Doubles 14.4 · Career W-L 97-46 (68%) · 2026 W-L 4-1 (80%) · 3 recent title(s): LTA Padel National Championships 2025 Mens Doubles (2025); Pilch Sports Hunstanton Lawn Tennis Tournament- Senior Events (08) Mens Restricted Doubles - Max 7.2 (2015); Hunstanton Lawn Tennis Tournament sponsored by PILCH 18U Boys Singles (2013) · 2 recent final(s),This event: Mens Doubles (1) with Louie Harris · LTA no. 103176273,https://competitions.lta.org.uk/player-profile/8ef69d3a-ee86-4388-8b60-f2b938ba1d59
LOVERIDGE L,Louisa,Loveridge,Louisa Loveridge,Great Britain,1986,,Avon (county),WTN Singles 40.9 / Doubles 28.2 · Career W-L 25-20 (56%) · 2026 W-L 23-12 (66%) · 4 recent title(s): Rocket Padel Bristol 2 Day Grade 3 Womens Doubles (2026); Padelspeed HoS Cardiff Womens Doubles (2026); Rocket Padel Bristol 2 Day Grade 3 WD 40+ (2026) · 1 recent final(s),This event: WD 40+ with Holly Flatley · LTA no. 121800017,https://competitions.lta.org.uk/player-profile/e0805a4f-5344-40a3-9ee2-a59c063351eb
LUQUET R,Romain,Luquet,Romain Luquet,Great Britain,1973,,Middlesex (county),WTN Singles 22.4 / Doubles 18.2 · Career W-L 260-192 (58%) · 2026 W-L 45-14 (76%) · 4 recent title(s): LTA Padel British Tour Grade 2 - West of Scotland Padel MD 40+ (2026); LTA Padel British Tour Grade 2 - West of Scotland Padel MD 50+ (2026); LTA Padel British Tour Grade 2 – Slazenger Padel Clubs Leeds - ElevateSportPadel MD 50+ (2026) · 1 recent final(s),This event: MD 40+ (1) with Gareth Nicol; MD 50+ with Adrian Ezra; Mens Doubles with Gareth Nicol · LTA no. 103455974,https://competitions.lta.org.uk/player-profile/4f538d76-1e56-478f-84cf-f51dfa3c5ea7
MACEY N,Nick,Macey,Nick Macey,Great Britain,1974,,Dorset (county),WTN Singles 40.9 / Doubles 23.4 · Career W-L 47-32 (59%) · 2026 W-L 2-1 (67%) · 1 recent title(s): Dorset County Closed Padel Championships 2025 MD 50+ (2025) · 3 recent final(s),This event: MD 50+ with Jonathan Bunn · LTA no. 113734285,https://competitions.lta.org.uk/player-profile/06b602b3-966f-431a-9f05-5cf87ebe94ee
MACNEIL S,Sam,Macneil,Sam Macneil,Great Britain,1992,,Scotland East (county),WTN Singles 11.2 / Doubles 7.9 · Career W-L 622-307 (67%) · 2026 W-L 11-5 (69%) · 3 recent title(s): adidas HOP Pro Yorkshire - LTA Padel National Tour Grade 2 Mens Doubles (2025); Rocks Lane LTA Padel British Tour Grade 1 & Seniors Mens Doubles (2025); Surge Padel Tour - Surge Harrogate - Grade 2 Mens Doubles (2024) · 2 recent final(s),This event: Mens Doubles with Nicholas Hatchett · LTA no. 100862777,https://competitions.lta.org.uk/player-profile/0b4e2725-37b7-44e9-b575-9aba135e35d2
MARSHALL T,Tom,Marshall,Tom Marshall,Great Britain,1996,,Avon (county),WTN Singles 40.9 / Doubles 18.0 · Career W-L 45-39 (54%) · 2026 W-L 14-10 (58%) · 5 recent final(s),This event: Mens Doubles with Jack Jefferies · LTA no. 126763367,https://competitions.lta.org.uk/player-profile/87275130-4312-489b-abc3-53e4998fd770
MATHIAS R,Ruby,Mathias,Ruby Mathias,Great Britain,2012,,Avon (county),WTN Singles 40.9 / Doubles 34.9 · Career W-L 21-67 (24%) · 2026 W-L 8-27 (23%) · 1 recent title(s): Kenilworth Junior Padel Grade 5 - 05-10-25 GD U18 (2025) · 4 recent final(s),This event: Womens Doubles with Sophie Brazell · LTA no. 122498709,https://competitions.lta.org.uk/player-profile/a9f2ed22-2dcd-4e3f-b924-55eaf8367cdc
MCARDLE P,Paul,Mcardle,Paul Mcardle,Great Britain,1986,,Hertfordshire (county),WTN Singles 24.6 / Doubles 19.2 · Career W-L 180-69 (72%) · 2026 W-L 3-1 (75%) · 1 recent title(s): LTA Grade 3 by Padel District Mens Doubles (2025) · 2 recent final(s),This event: Mens Doubles with Robert Carter · LTA no. 101323127,https://competitions.lta.org.uk/player-profile/7f6fea25-138e-4a21-ba80-95189825fbfa
MCCOUBRIE J,Joseph,Mccoubrie,Joseph Mccoubrie,Great Britain,2003,,Gloucestershire (county),WTN Singles 15.9 / Doubles 17.4 · Career W-L 678-452 (60%) · 2026 W-L 34-16 (68%) · 3 recent title(s): Padel Maidenhead - Grade 3 (Men's & Women's) Mens Doubles (2026); Sandwell Padel Event Mens Doubles (2026); Rocket Padel Bristol Grade 4 Mens Doubles (2026) · 2 recent final(s),This event: Mens Doubles with Joshua Ward · LTA no. 106424616,https://competitions.lta.org.uk/player-profile/7000ef2c-c737-40da-8027-9e71e62ce804
MCGILL C,Colin,Mcgill,Colin McGill,Great Britain,1966,,Scotland East (county),WTN Singles 40.9 / Doubles 40.9 · Career W-L 38-17 (69%) · 2026 W-L 34-13 (72%) · 2 recent title(s): LTA Padel British Tour Grade 1 - Island Padel Jersey - Rathbones MD 60+ (2026); LTA Padel British Tour Grade 2 – UK PADEL Masters (South-West) MD 60+ (2026) · 3 recent final(s),This event: MD 60+ (4) with John Byrne · LTA no. 119052857,https://competitions.lta.org.uk/player-profile/54600480-65fd-494a-babc-9150941e80e0
MCMENAMIN A,Andrew,Mcmenamin,Andrew Mcmenamin,Great Britain,1970,,Sussex (county),WTN Singles 21.1 / Doubles 18.9 · Career W-L 193-77 (71%) · 2026 W-L 24-15 (62%) · 3 recent title(s): Sussex Men’s Over 50 Padel Championship 2026 MD 50+ (2026); Rocket Padel Ilford - Grade 4 MD 50+ (2026); Game4padel Tour- Parkside Padel Club- Seniors Grade 3 MD 50+ (2026) · 2 recent final(s),This event: MD 50+ with Christopher Simmons · LTA no. 100811496,https://competitions.lta.org.uk/player-profile/54574a18-ff6a-4407-811d-413f7240eaba
MEARS A,Ashley,Mears,Ashley Mears,Great Britain,1965,,Scotland East (county),WTN Singles 30.1 / Doubles 21.0 · Career W-L 158-62 (72%) · 2026 W-L 34-7 (83%) · 2 recent title(s): LTA Padel British Tour Grade 2 - West of Scotland Padel WD 40+ (2026); LTA Padel British Tour Grade 2 - West of Scotland Padel WD 50+ (2026) · 3 recent final(s),This event: WD 50+ (2) with Nicky Horn; WD 60+ (1) with Nicky Horn · LTA no. 109558402,https://competitions.lta.org.uk/player-profile/1cbaee9d-fbd9-4379-a393-fe0d5547eb80
MEDINA MURPHY C,Christian,Medina Murphy,Christian Medina Murphy,Great Britain,1998,,Surrey (county),WTN Singles 40.9 / Doubles 40.9 · Career W-L 21-2 (91%) · 2026 W-L 5-0 (100%) · 3 recent title(s): LTA Padel British Tour Grade 1 - R3 Bullpadel Cup Stratford Padel Club Mens Doubles (2026); LTA British Tour - R3 Bullpadel Cup - Surbiton Mens Doubles (2025); FIP Rise Stratford 2024 Mens Doubles (2024),This event: Mens Doubles (2) with Alfonso Patacho · LTA no. 114044512,https://competitions.lta.org.uk/player-profile/d242bc30-7a8f-48a1-8e87-d3af831655f0
MEREDITH A,Adrian,Meredith,Adrian Meredith,Great Britain,1977,,Suffolk (county),WTN Singles 40.9 / Doubles 24.9 · Career W-L 19-32 (37%) · 2026 W-L 7-9 (44%) · 1 recent title(s): Suffolk County Closed Padel Championships 2026 MD 40+ (2026) · 2 recent final(s),This event: MD 40+ with Peter Green · LTA no. 122701184,https://competitions.lta.org.uk/player-profile/0f2d0d59-7b54-437e-a5fe-7163745b666c
MITCHELL J,James,Mitchell,James Mitchell,Great Britain,1997,,Somerset (county),WTN Singles 14.3 / Doubles 14.2 · Career W-L 570-371 (61%) · 2026 W-L 52-11 (83%) · 4 recent title(s): City Padel Exeter Grade 3 Mens Doubles (2026); Somerset County Closed Padel Tournament Mens Doubles (2025); Somerset County Closed Padel Tournament Mixed Doubles (2025) · 1 recent final(s),This event: Mens Doubles with Nicholas Bunyard · LTA no. 103557641,https://competitions.lta.org.uk/player-profile/c25d3deb-23ca-4ea7-9d8c-c0bdda8b9e91
MOHINDRA N,Nikhil,Mohindra,Nikhil Mohindra,Great Britain,2000,,Somerset (county),WTN Singles 40.9 / Doubles 14.3 · Career W-L 190-69 (73%) · 2026 W-L 2-2 (50%) · 5 recent title(s): PTUK - LTA Padel National Tour Grade 2 & Mixed Doubles Mens Doubles (2025); PT UK - LTA Padel National Tour Grade 2 Mens Doubles (2024); LTA Padel National Tour - National Tennis Centre Mens Doubles (2024),This event: Mens Doubles (4) with Sam Jones · LTA no. 113721442,https://competitions.lta.org.uk/player-profile/a6fa775e-e762-4c43-8f1f-7542888b3554
MORRISON D,Debbie,Morrison,Debbie Morrison,Great Britain,1964,,Warwickshire (county),WTN Singles 35.6 / Doubles 28.1 · Career W-L 54-77 (41%) · 2026 W-L 9-13 (41%) · 2 recent title(s): Padel Social House 60+ Padel Grade 4 WD 60+ (2026); Padel Haus Over 60's Grade 5 WD 60+ (2025) · 3 recent final(s),This event: WD 60+ with Allison Binns · LTA no. 113856677,https://competitions.lta.org.uk/player-profile/8c4f9aef-bf71-46d3-8997-1315e054a8c1
MORT J,Jan,Mort,Jan Mort,Great Britain,1966,,Lancashire (county),WTN Singles 29.8 / Doubles 26.0 · Career W-L 244-261 (48%) · 2026 W-L 34-31 (52%) · 4 recent title(s): Lancashire Tennis Championships 2026 WD 45+ (2026); Lancashire Tennis Championships 2026 WS 60+ (2026); Lancashire Padel Championships 2026 Womens Doubles (2026) · 1 recent final(s),This event: WD 60+ with Rachel Angel · LTA no. 106924462,https://competitions.lta.org.uk/player-profile/07c2033c-8475-4d38-a0f7-be711b018088
MYHILL E,Ed,Myhill,Ed Myhill,Great Britain,1970,,Surrey (county),"WTN Singles 40.9 / Doubles 22.8 · Career W-L 64-53 (55%) · 2026 W-L 21-14 (60%) · 4 recent title(s): UK PADEL Epsom LTC Grade 3 (U18, MD, WD OPEN) Mixed Doubles (2026); Padel4All Bracknell (Vets) - 09-04-26 - 10-04-26 MD 50+ (2026); LTA Padel County Seniors Tour - West Worthing Club MD 50+ (2025) · 1 recent final(s)",This event: MD 40+ with Alan Henderson; MD 50+ with Nick Baker · LTA no. 115374704,https://competitions.lta.org.uk/player-profile/26163159-44a7-44ce-8c12-c665fc1a9137
NICHOLAS V,Victoria,Nicholas,Victoria Nicholas,Great Britain,1993,,Cambridgeshire (county),"WTN Singles 24.2 / Doubles 17.9 · Career W-L 211-152 (58%) · 2026 W-L 16-3 (84%) · 3 recent title(s): LTA Padel British Tour Grade 2 - Padel Maidenhead Womens Doubles (2026); LTA Padel British Tour Grade 1 - Rocks Lane Womens Doubles (2026); LTA Padel British Tour Grade 1 – NSM & SPF Cup, Guernsey Womens Doubles (2026) · 2 recent final(s)",This event: Womens Doubles (3) with Chloe De La Mare · LTA no. 102491204,https://competitions.lta.org.uk/player-profile/2f5674f7-290f-4963-82d2-58579ba05d22
NICOL G,Gareth,Nicol,Gareth Nicol,Great Britain,1977,,Surrey (county),WTN Singles 19.8 / Doubles 15.7 · Career W-L 673-309 (69%) · 2026 W-L 46-26 (64%) · 2 recent title(s): LTA Padel British Tour Grade 2 – Padel United The Wirral MD 40+ (2026); LTA Padel British Tour Grade 1 - Rocks Lane MD 40+ (2026) · 3 recent final(s),This event: MD 40+ (1) with Romain Luquet; Mens Doubles with Romain Luquet · LTA no. 108359218,https://competitions.lta.org.uk/player-profile/770683a5-096d-4744-a84a-7786fb39df29
NORDEN M,Mark,Norden,Mark Norden,Great Britain,1965,,,WTN Singles 40.9 / Doubles 24.0 · Career W-L 28-51 (35%) · 2026 W-L 9-5 (64%) · 1 recent title(s): Stratford Padel Club Seniors G3 MD 60+ (2025) · 3 recent final(s),This event: MD 60+ with Ashley Bean · LTA no. 113724974,https://competitions.lta.org.uk/player-profile/9b333bd5-eab1-4cbe-9fef-5b6e69bce487
NUTBEAN R,Richard,Nutbean,Richard Nutbean,Great Britain,1971,,Sussex (county),WTN Singles 25.9 / Doubles 25.8 · Career W-L 91-89 (51%) · 2026 W-L 2-3 (40%) · 1 recent final(s),This event: MD 50+ with Harvey Rawlings · LTA no. 101092678,https://competitions.lta.org.uk/player-profile/6ff10277-00b6-41d8-976a-b5ebc49bbbae
OAKES B,Ben,Oakes,Ben Oakes,Great Britain,1984,,Essex (county),WTN Singles 20.4 / Doubles 17.5 · Career W-L 109-72 (60%) · 2026 W-L 32-23 (58%) · 2 recent title(s): UK PADEL Masters Series (South-East) MD 40+ (2025); Rocket Padel Beckton G4 Mens Doubles (2025) · 3 recent final(s),This event: MD 40+ (4) with David Palmer; Mens Doubles with Jack Grady · LTA no. 113193112,https://competitions.lta.org.uk/player-profile/74c2afda-509d-436f-b838-01908692b87a
OELMANN A,Alex,Oelmann,Alex Oelmann,Great Britain,1998,,Wales South (county),WTN Singles 20.6 / Doubles 17.6 · Career W-L 617-291 (68%) · 2026 W-L 43-4 (91%) · 5 recent title(s): Cardiff LTC Championships 2026 Womens Doubles (2026); Cardiff LTC Championships 2026 Mixed Doubles (2026); The Cymru National Padel Championships Womens Doubles (2026),This event: Womens Doubles (8) with Molly Walsh · LTA no. 104364249,https://competitions.lta.org.uk/player-profile/347a13f1-79bb-4c8e-b972-a9c53f01aeaf
OKORONKWO B,Brendan,Okoronkwo,Brendan Okoronkwo,Great Britain,1991,,Sussex (county),WTN Singles 23.1 / Doubles 18.2 · Career W-L 85-66 (56%) · 2026 W-L 9-10 (47%) · 5 recent final(s),This event: Mens Doubles with Chris Adrian · LTA no. 116626042,https://competitions.lta.org.uk/player-profile/cad7cd88-db12-46c8-95a8-19fc9af54520
OLIVER C,Christian,Oliver,Christian Oliver,Great Britain,2007,,Gloucestershire (county),WTN Singles 24.3 / Doubles 22.1 · Career W-L 194-252 (43%) · 2026 W-L 25-38 (40%) · 3 recent title(s): Midlands Summer County Tour Redditch 14u Boys 14U Boys Singles (2019); 8.1-10.2 Matchplay Match Play Mixed Singles (2018); Gloucestershire Mini County Championships 2018 10U Boys Doubles (2018) · 2 recent final(s),This event: Mens Doubles with Aidan Hawkey · LTA no. 110614391,https://competitions.lta.org.uk/player-profile/40b0595c-4d52-4c78-aadd-f1ef3effa15f
PACKHAM C,Charlie,Packham,Charlie Packham,Great Britain,1976,,Surrey (county),WTN Singles 40.9 / Doubles 23.0 · Career W-L 52-27 (66%) · 2026 W-L 15-6 (71%) · 2 recent title(s): Rocket Padel Bristol Grade 3 MD 40+ (2026); LTA Padel Seniors - Rocks Lane Chiswick MD 40+ (2024) · 3 recent final(s),This event: MD 50+ with Nick Wood · LTA no. 113721055,https://competitions.lta.org.uk/player-profile/cb352c63-b3f5-4349-bff6-579ce1465582
PALLING I,Isabella,Palling,Isabella Palling,Great Britain,2009,,Sussex (county),WTN Singles 40.9 / Doubles 40.9 · Career W-L 30-46 (39%) · 2026 W-L 16-25 (39%) · 3 recent title(s): Rocket Padel Ilford - Grade 3 Womens Doubles (2026); ROAD2LONDON.com GOLD - LTA G3@Padel Social House Womens Doubles (2026); LTA Grade 3 by Padel District Womens Doubles (2026) · 2 recent final(s),This event: Womens Doubles with Rocio Denis · LTA no. 120019451,https://competitions.lta.org.uk/player-profile/a8cd8d1f-329a-4f10-961c-7008e8500397
PALMER D,David,Palmer,David Palmer,Great Britain,1986,,Devon (county),WTN Singles 23.5 / Doubles 18.9 · Career W-L 104-66 (61%) · 2026 W-L 36-16 (69%) · 4 recent title(s): Torbay Open Padel Mens Doubles (2026); Torbay Open Padel MD 40+ (2026); UK PADEL Wavehunter Open Grade 3 Mens Doubles (2026) · 1 recent final(s),This event: MD 40+ (4) with Ben Oakes; Mens Doubles with Ben Greatrex · LTA no. 106522929,https://competitions.lta.org.uk/player-profile/9b2d6395-1289-4efd-9075-a8276ed891e4
PATACHO A,Alfonso,Patacho,Alfonso Patacho,Great Britain,2000,,Surrey (county),"WTN Singles 40.9 / Doubles 12.4 · Career W-L 154-38 (80%) · 2026 W-L 13-2 (87%) · 3 recent title(s): LTA Padel British Tour Grade 2 – HOP Pro Fleet Mens Doubles (2026); LTA Padel British Tour Grade 1 – R3 Bullpadel Cup, City Padel Exeter Mens Doubles (2026); Road2London SILVER - LTA G4 @Padel Box Bermonsey Mens Doubles (2025) · 2 recent final(s)",This event: Mens Doubles (2) with Christian Medina Murphy · LTA no. 114044166,https://competitions.lta.org.uk/player-profile/7c4d17b1-eee2-4e3a-80bc-fcd88e60ebb4
PATERSON A,Andy,Paterson,Andy Paterson,Great Britain,1978,,Sussex (county),WTN Singles 28.0 / Doubles 19.5 · Career W-L 87-38 (70%) · 2026 W-L 30-19 (61%) · 4 recent title(s): Sussex Men’s Over 40 Padel Championship 2026 MD 40+ (2026); LTA Grade 3 by Padel District Mens Doubles (2026); Game4Padel Tour Padel & Tennis Weekend 1 - Hove Beach Park - Grade 4 Padel Mens Doubles (2026) · 1 recent final(s),This event: MD 40+ (2) with Rhys Hanger · LTA no. 115278622,https://competitions.lta.org.uk/player-profile/211839d1-323b-4a23-bf27-550bb3db16af
PAYNE S,Sian,Payne,Sian Payne,Great Britain,1997,,Devon (county),WTN Singles 24.2 / Doubles 21.9 · Career W-L 197-148 (57%) · 2026 W-L 7-8 (47%) · 2 recent title(s): UK PADEL SeaSpace Sefarer Open Grade 3 Womens Doubles (2025); Rocket Padel Ilford Grade 3 Womens Doubles (2025) · 3 recent final(s),This event: Womens Doubles (6) with Hayley Halsall-Randall · LTA no. 103733812,https://competitions.lta.org.uk/player-profile/c02fa6a0-3541-438b-8f5d-0a2d9d4d1ea2
PENDRY S,Sally,Pendry,Sally Pendry,Great Britain,1964,,Gloucestershire (county),WTN Singles 40.9 / Doubles 24.2 · Career W-L 196-123 (61%) · 2026 W-L 18-9 (67%) · 4 recent title(s): LTA Padel County Championships Gloucestershire 2026 WD 60+ (2026); East Glos Padel Club Champs 2026 WD 50+ (2026); East Glos Padel Club Champs 2026 WD 60+ (2026) · 1 recent final(s),This event: WD 60+ (2) with Liz Sim · LTA no. 104025442,https://competitions.lta.org.uk/player-profile/cad0563d-ba02-4d74-93a2-5e80d8f73c19
PHILLIPS B,Ben,Phillips,Ben Phillips,Great Britain,2008,,Nottinghamshire (county),WTN Singles 17.0 / Doubles 16.5 · Career W-L 843-453 (65%) · 2026 W-L 18-5 (78%) · 4 recent title(s): LTA Padel British Tour Grade 1 - Rocks Lane Mens Doubles (2026); LTA Padel British Tour Grade 1 - R3 Bullpadel Cup Stratford Padel Club BD U18 (2026); LTA Padel National Championships 2025 18U BD (2025) · 1 recent final(s),This event: Mens Doubles with Richard Brooks · LTA no. 109425489,https://competitions.lta.org.uk/player-profile/448a8ba5-9198-4f20-8bb4-17a4d0ef61e8
PHILLIPS L,Lisa,Phillips,Lisa Phillips,Great Britain,1996,,Sussex (county),WTN Singles 22.8 / Doubles 15.0 · Career W-L 190-180 (51%) · 2026 W-L 0-0 · 1 recent title(s): LTA Padel National Tour- National Tennis Centre Womens Doubles (2023) · 4 recent final(s),This event: Womens Doubles (4) with Alice Keddie · LTA no. 103749674,https://competitions.lta.org.uk/player-profile/422af4fd-7a8a-4617-8326-fc829c33fbb8
POCCARD A,Annalie,Poccard,Annalie Poccard,Great Britain,1975,,Gloucestershire (county),"WTN Singles 26.1 / Doubles 21.3 · Career W-L 185-121 (60%) · 2026 W-L 33-22 (60%) · 3 recent title(s): LTA Padel Grade 3 East Glos WD 50+ (2026); Slazenger Padel Swindon - Grade 4, 5 Womens Doubles (2026); LTA Padel County Championships Gloucestershire 2026 WD 50+ (2026) · 2 recent final(s)",This event: WD 50+ (3) with Marie Bell · LTA no. 105693652,https://competitions.lta.org.uk/player-profile/c9da7d81-29e7-403f-8e5e-dfa6d85237d8
POOLEY E,Eliza,Pooley,Eliza Pooley,Great Britain,2000,,Norfolk (county),WTN Singles 19.0 / Doubles 17.0 · Career W-L 369-277 (57%) · 2026 W-L 26-7 (79%) · 4 recent title(s): LTA Padel British Tour Grade 2 - HOP Pro Cardiff Womens Doubles (2026); LTA Padel British Tour Grade 1 - Scottish Open Championships 2026 Womens Doubles (2026); LTA Padel British Tour Grade 2 - Rocket Padel Beckton Womens Doubles (2026) · 1 recent final(s),This event: Womens Doubles (5) with Eloise Tait · LTA no. 103887816,https://competitions.lta.org.uk/player-profile/43a863a5-a4b7-4ffb-bc38-6dce6c47731a
POWELL A,Adam,Powell,Adam Powell,Great Britain,1983,,Lancashire (county),WTN Singles 40.9 / Doubles 21.8 · Career W-L 46-49 (48%) · 2026 W-L 25-22 (53%) · 1 recent title(s): Wales Tour - Padel - Wrexham Tennis and Padel Centre MD 40+ (2026) · 4 recent final(s),This event: MD 40+ with Lee Silk · LTA no. 116211074,https://competitions.lta.org.uk/player-profile/c099767a-630a-475b-87a9-248ddffc3bac
PRICE K,Kristin,Price,Kristin Price,Great Britain,1980,,Middlesex (county),WTN Singles 27.6 / Doubles 19.9 · Career W-L 93-115 (45%) · 2026 W-L 11-6 (65%) · 3 recent title(s): LTA Padel British Tour Grade 2 – Slazenger Padel Clubs Leeds - ElevateSportPadel WD 40+ (2026); QC Padel Club Championships 2025 - 2026 - Open to QC Members only Womens Doubles (2026); QC Padel Club Championships 2024 - 2025 - Open to QC Members only Mixed Doubles (2025) · 2 recent final(s),This event: WD 40+ with Petra Ratajova; Womens Doubles with Tallulah Butterfield · LTA no. 107314784,https://competitions.lta.org.uk/player-profile/b9e9a4a1-ae57-4f42-9d63-5813006a1ab7
PYE B,Bethany,Pye,Bethany Pye,Great Britain,2006,,Herefordshire & Worcestershire (county),WTN Singles 22.1 / Doubles 21.7 · Career W-L 676-349 (66%) · 2026 W-L 13-9 (59%) · 2 recent title(s): CFS Herefordshire & Worcestershire Padel County Championships 2025 Mixed Doubles (2025); The CFS Herefordshire & Worcestershire Padel County Championships 2024 Mixed Doubles (2024) · 3 recent final(s),This event: Womens Doubles · LTA no. 110440558,https://competitions.lta.org.uk/player-profile/782be77e-35b1-44c6-9c38-5e527b730d3e
QUIRK K,Kerry,Quirk,Kerry Quirk,Great Britain,1976,,Somerset (county),WTN Singles 21.9 / Doubles 19.8 · Career W-L 249-210 (54%) · 2026 W-L 34-24 (59%) · 4 recent title(s): Torbay Open Padel Womens Doubles (2026); LTA Padel British Tour Grade 2 – UK PADEL Masters (South-West) WD 40+ (2026); Somerset County Closed Padel Tournament Womens Doubles (2025) · 1 recent final(s),This event: WD 40+ with Natalie Ackland · LTA no. 105777884,https://competitions.lta.org.uk/player-profile/0ba14b08-654c-44ef-b9ce-f27da4f68829
QUIRK R,Rosie,Quirk,Rosie Quirk,Great Britain,2009,,Essex (county),WTN Singles 22.6 / Doubles 17.3 · Career W-L 517-180 (74%) · 2026 W-L 15-4 (79%) · 3 recent title(s): LTA Padel British Tour Grade 2 East Glos Womens Doubles (2026); LTA Padel British Tour Grade 2 - Rocket Padel Ilford Womens Doubles (2026); LTA Padel British Tour Grade 1 - R3 Bullpadel Cup Stratford Padel Club GD U18 (2026) · 2 recent final(s),This event: Womens Doubles (2) with Laura Jackson · LTA no. 111627028,https://competitions.lta.org.uk/player-profile/68e813cd-4910-4caf-9bfe-13a5d3d303f5
RANDLESOME K,Ken,Randlesome,Ken Randlesome,Great Britain,1973,,Essex (county),WTN Singles 29.9 / Doubles 23.3 · Career W-L 39-29 (57%) · 2026 W-L 30-22 (58%) · 1 recent title(s): Padel4All Bracknell (Vets) - 09-04-26 - 10-04-26 MD 50+ (2026) · 4 recent final(s),This event: MD 40+ with Jason Hanif; MD 50+ (3) with Jason Hanif · LTA no. 106192571,https://competitions.lta.org.uk/player-profile/ed67c115-253c-4704-9c71-07f9b7e7038a
RATAJOVA P,Petra,Ratajova,Petra Ratajova,Great Britain,1984,,Gloucestershire (county),WTN Singles 22.6 / Doubles 23.1 · Career W-L 147-108 (58%) · 2026 W-L 10-16 (38%) · 4 recent title(s): Smash Padel Bicester Men's & Ladie's Over 40's WD 40+ (2025); Road2London SILVER - LTA G4 @ Advantage Padel Womens Doubles (2025); East Glos Padel Champs 2025 Mixed Doubles (2025) · 1 recent final(s),This event: WD 40+ with Kristin Price · LTA no. 103182644,https://competitions.lta.org.uk/player-profile/727ccaf0-ea3d-4cf0-abde-d33ed09b0e0a
RAWLINGS H,Harvey,Rawlings,Harvey Rawlings,Great Britain,1969,,Sussex (county),WTN Singles 40.9 / Doubles 23.1 · Career W-L 39-45 (46%) · 2026 W-L 11-13 (46%) · 4 recent final(s),This event: MD 50+ with Richard Nutbean · LTA no. 110798381,https://competitions.lta.org.uk/player-profile/ac9861a0-1de9-44bc-b296-5a1601df676a
RICHARDS H,Hannah,Richards,Hannah Richards,Great Britain,1986,,Dorset (county),WTN Singles 40.9 / Doubles 25.7 · Career W-L 41-22 (65%) · 2026 W-L 13-5 (72%) · 3 recent title(s): Dorset County Padel Championships 2026 Womens Doubles (2026); Advantage Padel Mudeford Womens Doubles (2026); Advantage Padel Mudeford Womens Doubles (2026) · 2 recent final(s),This event: WD 40+ with Jenny Burke · LTA no. 101157017,https://competitions.lta.org.uk/player-profile/f1e1bbf9-851e-4676-9681-6fc3ef4e6feb
ROBINSON N,Nick,Robinson,Nick Robinson,Great Britain,1973,,Somerset (county),WTN Singles 40.9 / Doubles 20.3 · Career W-L 142-79 (64%) · 2026 W-L 19-12 (61%) · 2 recent title(s): NW Padel Friday Seniors Competition Series at Rocket Padel Bristol MD 40+ (2026); Somerset County Closed Padel Tournament MD 50+ (2025) · 1 recent final(s),This event: MD 40+ with Edward Short · LTA no. 104383293,https://competitions.lta.org.uk/player-profile/543804a4-237b-42b6-9175-8ec0cf7fe7e6
ROSE C,Catherine,Rose,Catherine Rose,Great Britain,1999,,Surrey (county),WTN Singles 23.7 / Doubles 17.3 · Career W-L 328-191 (63%) · 2026 W-L 0-0 · 4 recent title(s): LTA Padel National Championships 2025 Womens Doubles (2025); LTA Grade 1 Open Stratford Padel Club Year End Womens Doubles (2025); NSM and SPF LTA Padel Tour Grade 1 - Guernsey Womens Doubles (2025) · 1 recent final(s),This event: Womens Doubles (1) with Aimee Gibson · LTA no. 103569284,https://competitions.lta.org.uk/player-profile/4d05968e-acc8-4e96-8116-9682b346ab37
RUNNICLES C,Chrissie,Runnicles,Chrissie Runnicles,Great Britain,1970,,Surrey (county),"WTN Singles 23.2 / Doubles 20.4 · Career W-L 280-92 (75%) · 2026 W-L 46-15 (75%) · 2 recent title(s): UK PADEL Epsom LTC Grade 3 (U18, MD, WD OPEN) Womens Doubles (2026); LTA Padel British Tour Grade 1 - Rocks Lane WD 50+ (2026) · 3 recent final(s)",This event: WD 40+ (2) with Patricia Gisbert Gimeno; WD 50+ (1) with Patricia Gisbert Gimeno · LTA no. 107595273,https://competitions.lta.org.uk/player-profile/d57e669c-5914-4e26-87a6-fd74ae68685b
SAKER C,Caroline,Saker,Caroline Saker,Great Britain,1991,,Buckinghamshire (county),WTN Singles 40.9 / Doubles 21.8 · Career W-L 95-52 (65%) · 2026 W-L 30-19 (61%) · 4 recent title(s): Padel Maidenhead - Grade 3 (Men's & Women's) Womens Doubles (2026); The Padel Hub (Crawley) with Padel Sussex G3 Spring Open Womens Doubles (2026); Rocket Padel Ilford - Grade 3 Womens Doubles (2026) · 1 recent final(s),This event: Womens Doubles with Kat Williams · LTA no. 127114877,https://competitions.lta.org.uk/player-profile/e77b6fcf-4f31-4875-89a8-8c6ee2faa680
SAKER J,James,Saker,James Saker,Great Britain,1990,,Buckinghamshire (county),WTN Singles 25.4 / Doubles 19.6 · Career W-L 100-82 (55%) · 2026 W-L 31-23 (57%) · 3 recent title(s): UK PADEL Bucks Open County Closed Mens Doubles (2026); West Worthing Open 2026 (Padel) Mens Doubles (2026); Padel Maidenhead - Grade 3 (Men's & Women's) Mens Doubles (2026) · 2 recent final(s),This event: Mens Doubles with Elliot Selby · LTA no. 102536092,https://competitions.lta.org.uk/player-profile/87a1e8b7-0ada-46b2-bd78-d01b2ee22b28
SANDERSON V,Vik,Sanderson,Vik Sanderson,Great Britain,1970,,Dorset (county),WTN Singles 40.9 / Doubles 23.4 · Career W-L 41-11 (79%) · 2026 W-L 16-2 (89%) · 4 recent title(s): Dorset County Padel Championships 2026 XD 50+ (2026); South & South West Tour - East Dorset G3 Open Padel Doubles (Mens & Ladies) - 13-09-2026 Womens Doubles (2026); East Dorset Padel Open - G4 Mens & Womens Doubles - 24 May 2026 Womens Doubles (2026) · 1 recent final(s),This event: WD 50+ with Jane White · LTA no. 120439075,https://competitions.lta.org.uk/player-profile/c7a5877e-353a-4e20-b532-f55cd583b95c
SASSOON L,Leo,Sassoon,Leo Sassoon,Great Britain,2004,,Middlesex (county),WTN Singles 15.1 / Doubles 14.8 · Career W-L 150-105 (59%) · 2026 W-L 17-23 (42%) · 2 recent title(s): London & South East Tour - Enfield Chase LTC - 23-7-2023 MS (2023); London & South East Tour - Bishopshalt school - 17-6-2023 MS (2023) · 1 recent final(s),This event: Mens Doubles · LTA no. 107885024,https://competitions.lta.org.uk/player-profile/05849b1c-06bb-476f-bd31-cd97e647fb7b
SAVAGE P,Peter,Savage,Peter Savage,Great Britain,1962,,Buckinghamshire (county),WTN Singles 23.5 / Doubles 24.3 · Career W-L 152-100 (60%) · 2026 W-L 18-10 (64%) · 4 recent title(s): Padel Maidenhead Club Championships 2026 - Open to PM Members only MD 50+ (2026); UK PADEL Bucks Over 60 County CLOSED MD 60+ (2026); UK PADEL Masters Series (South-East) MD 60+ (2025) · 1 recent final(s),This event: MD 60+ with James Skelton · LTA no. 101047304,https://competitions.lta.org.uk/player-profile/6ce7b6f5-68cc-4c44-ab05-c02da584a5a6
SELBY E,Elliot,Selby,Elliot Selby,Great Britain,1987,,Essex (county),WTN Singles 40.9 / Doubles 14.3 · Career W-L 118-96 (55%) · 2026 W-L 10-8 (56%) · 1 recent title(s): LTA Padel Tour - Grade 3 - East Gloucestershire Club Mens Doubles (2021) · 3 recent final(s),This event: Mens Doubles with James Saker · LTA no. 113721669,https://competitions.lta.org.uk/player-profile/7b6b5599-6ab8-4d13-8557-6148b238b3ac
SHORT E,Edward,Short,Edward Short,Great Britain,1980,,Somerset (county),WTN Singles 40.9 / Doubles 29.2 · Career W-L 3-9 (25%) · 2026 W-L 3-9 (25%),This event: MD 40+ with Nick Robinson · LTA no. 132692722,https://competitions.lta.org.uk/player-profile/b6aa68cd-8d80-4c15-95c8-b542e240b9c7
SILK L,Lee,Silk,Lee Silk,Great Britain,1981,,Lancashire (county),WTN Singles 40.9 / Doubles 40.9 · Career W-L 27-17 (61%) · 2026 W-L 8-5 (62%) · 2 recent title(s): Wales Tour - Padel - Wrexham Tennis and Padel Centre MD 40+ (2026); Wales Tour - Padel - Wrexham Tennis and Padel Centre MD 40+ (2025) · 3 recent final(s),This event: MD 40+ with Adam Powell · LTA no. 125943074,https://competitions.lta.org.uk/player-profile/261e9515-6d23-4497-92f4-25dbd5561b04
SIM L,Liz,Sim,Liz Sim,Great Britain,1959,,Gloucestershire (county),WTN Singles 30.2 / Doubles 24.9 · Career W-L 160-87 (65%) · 2026 W-L 35-22 (61%) · 2 recent title(s): Padelspeed HoS Cardiff WD 65+ (2026); Padel4All Bracknell - Vets 60+ 65+ WD 65+ (2026) · 3 recent final(s),This event: WD 60+ (2) with Sally Pendry · LTA no. 100300222,https://competitions.lta.org.uk/player-profile/f0b900d6-f9e3-42b1-b7f6-1e7666e7550b
SIMMONDS N,Neil,Simmonds,Neil Simmonds,Great Britain,1972,,Surrey (county),"WTN Singles 23.9 / Doubles 22.3 · Career W-L 176-104 (63%) · 2026 W-L 18-11 (62%) · 2 recent title(s): NW Padel Friday Seniors Competition Series at Rocket Padel Bristol MD 50+ (2026); Slazenger Padel Swindon - Grade 3, 4, 5 MD 50+ (2026) · 3 recent final(s)",This event: MD 50+ (5) with Paul Johnson · LTA no. 100287437,https://competitions.lta.org.uk/player-profile/1c47df78-1bb8-496e-b733-bf5723478a21
SIMMONS C,Christopher,Simmons,Christopher Simmons,Great Britain,1971,,Sussex (county),WTN Singles 21.5 / Doubles 20.0 · Career W-L 133-64 (68%) · 2026 W-L 12-6 (67%) · 3 recent title(s): Game4padel Tour- Parkside Padel Club- Seniors Grade 3 MD 50+ (2026); UK PADEL Masters Series (South-East) MD 50+ (2025); Tennis Sussex - Men's Over 50 Padel County Championships 2025 MD 50+ (2025),This event: MD 50+ with Andrew Mcmenamin · LTA no. 100035104,https://competitions.lta.org.uk/player-profile/b36bdb6c-edad-40d0-9727-d28942e6b5ea
SIMPSON C,Connie,Simpson,Connie Simpson,Great Britain,2002,,Avon (county),"WTN Singles 23.5 / Doubles 20.0 · Career W-L 439-236 (65%) · 2026 W-L 18-6 (75%) · 4 recent title(s): Padelspeed HoS Cardiff Womens Doubles (2026); Slazenger Padel Swindon - Grade 3, 4, 5 Womens Doubles (2026); Rocket Padel Bristol Grade 5 Mixed Doubles (2026) · 1 recent final(s)",This event: Womens Doubles with Alicia Hazzard · LTA no. 104796854,https://competitions.lta.org.uk/player-profile/13136eaa-2747-456b-a3f7-42779897f9d6
SKELTON J,James,Skelton,James Skelton,Great Britain,1966,,Buckinghamshire (county),WTN Singles 40.9 / Doubles 25.3 · Career W-L 14-16 (47%) · 2026 W-L 6-5 (55%) · 1 recent final(s),This event: MD 60+ with Peter Savage · LTA no. 113002007,https://competitions.lta.org.uk/player-profile/b17db360-2de9-4fa5-8437-b9b835015b94
SKIDELSKY W,William,Skidelsky,William Skidelsky,Great Britain,1976,,Kent (county),"WTN Singles 22.6 / Doubles 18.5 · Career W-L 251-167 (60%) · 2026 W-L 36-6 (86%) · 5 recent title(s): Slazenger Padel Swindon - Grade 4, 5 MD 50+ (2026); The Padel Hub Tour - Slough Grade 5 50+ MD 50+ (2026); Rocket Padel Ilford - Grade 4 MD 50+ (2026)",This event: MD 50+ with Aled Smith · LTA no. 106289507,https://competitions.lta.org.uk/player-profile/14741d5b-1b97-4135-96b6-8e7f85af4b72
SMITH A,Aled,Smith,Aled Smith,Great Britain,1968,,Middlesex (county),WTN Singles 40.9 / Doubles 40.9 · Career W-L 16-20 (44%) · 2026 W-L 12-8 (60%) · 2 recent title(s): Game4Padel Tour Padel & Tennis Weekend 2 - Hove Beach Park - Grade 3 Padel MD 50+ (2026); The Padel Hub Tour - Slough Grade 5 50+ MD 50+ (2026) · 1 recent final(s),This event: MD 50+ with William Skidelsky · LTA no. 118980442,https://competitions.lta.org.uk/player-profile/125f4c39-24c6-4066-824c-b6c15fd0a976
SMITH S,Scott,Smith,Scott Smith,Great Britain,1999,,Herefordshire & Worcestershire (county),WTN Singles 20.6 / Doubles 15.7 · Career W-L 335-145 (70%) · 2026 W-L 55-27 (67%) · 1 recent title(s): CFS Herefordshire & Worcestershire Padel County Championships 2026 Mens Doubles (2026) · 4 recent final(s),This event: Mens Doubles (6) with Jon Spinks · LTA no. 106763943,https://competitions.lta.org.uk/player-profile/a891c040-b45c-4bc3-a16c-7add25714990
SOUTHWOOD J,James,Southwood,James Southwood,Great Britain,1983,,Warwickshire (county),WTN Singles 40.9 / Doubles 14.5 · Career W-L 84-29 (74%) · 2026 W-L 21-2 (91%) · 3 recent title(s): Warwickshire Padel County Championships 2026 Mens Doubles (2026); Warwickshire Padel County Championships 2026 MD 40+ (2026); LTA Padel British Tour Grade 2 – Wrexham Tennis & Padel Centre Mens Doubles (2026) · 2 recent final(s),This event: MD 40+ with Richard Brooks · LTA no. 101016437,https://competitions.lta.org.uk/player-profile/6739c081-aba9-47b1-9845-e6328042adcb
SPINKS J,Jon,Spinks,Jon Spinks,Great Britain,1993,,Herefordshire & Worcestershire (county),WTN Singles 40.9 / Doubles 23.0 · Career W-L 39-22 (64%) · 2026 W-L 18-5 (78%) · 3 recent title(s): CFS Herefordshire & Worcestershire Padel County Championships 2026 Mens Doubles (2026); LTA Padel Grade 5 - Rocks Lane Mens Doubles (2026); CFS Herefordshire & Worcestershire Padel County Championships 2025 Mixed Doubles (2025) · 2 recent final(s),This event: Mens Doubles (6) with Scott Smith · LTA no. 122594452,https://competitions.lta.org.uk/player-profile/eb66b59a-feee-4c34-b2fe-75af6e7b45df
STEVENSON B,Ben,Stevenson,Ben Stevenson,Great Britain,1994,,Yorkshire (county),"WTN Singles 19.3 / Doubles 17.5 · Career W-L 440-306 (59%) · 2026 W-L 25-20 (56%) · 4 recent title(s): Slazenger Padel Leeds - Grade 3, 4, 5 Mens Doubles (2026); Rocks Lane Chiswick G3 Mens Doubles (2025); Slazenger Padel festival - Grade 3, 4, 5 Mixed Doubles (2025) · 1 recent final(s)",This event: Mens Doubles with Bea Jenner · LTA no. 103124744,https://competitions.lta.org.uk/player-profile/9e8477c3-27f1-472d-8952-32f18597ab7c
STEWART C,Craig,Stewart,Craig Stewart,Great Britain,1965,,Channel Islands (county),WTN Singles 40.9 / Doubles 26.2 · Career W-L 55-51 (52%) · 2026 W-L 10-9 (53%) · 3 recent title(s): LTA Padel British Tour Grade 2 East Glos MD 60+ (2026); West of Scotland Padel - Seniors Grade 2 MD 60+ (2025); UK PADEL Surrey Seniors Winter Warmer Grade 3 MD 60+ (2025) · 2 recent final(s),This event: MD 50+ with Jack Colbourne; MD 60+ (2) with Jack Colbourne · LTA no. 102008728,https://competitions.lta.org.uk/player-profile/816e8c31-8b99-4fa8-8052-81f47754662f
STONOR G,Guy,Stonor,Guy Stonor,Great Britain,2004,,Berkshire (county),Career W-L 43-44 (49%) · 2026 W-L 17-17 (50%) · 2 recent title(s): LTA Berkshire Padel County Championships 2025 Mens Doubles (2025); LTA Padel Local Tour - UK PADEL Mens Doubles (2024) · 2 recent final(s),This event: Mens Doubles (4) with Alexander Trill · LTA no. 123421353,https://competitions.lta.org.uk/player-profile/3b44b256-a621-43f4-82fa-4ab297fae094
SUAREZ M,Mikel,Suarez,Mikel Suarez,Great Britain,1986,,Surrey (county),WTN Singles 40.9 / Doubles 17.9 · Career W-L 49-23 (68%) · 2026 W-L 15-8 (65%) · 2 recent title(s): LTA Grade 3 by Padel District Mens Doubles (2025); Kent County Padel Championship 2024 Mens Doubles (2024) · 2 recent final(s),This event: Mens Doubles with Simon Garforth-Bles · LTA no. 116260907,https://competitions.lta.org.uk/player-profile/aa4f12a8-667d-4631-bed8-0889e74aab68
SYKES C,Charlotte,Sykes,Charlotte Sykes,Great Britain,1992,,Cheshire (county),"WTN Singles 23.0 / Doubles 21.5 · Career W-L 212-71 (75%) · 2026 W-L 24-13 (65%) · 4 recent title(s): Padelocity Women's Grade 3 @ Connect Padel Birmingham Womens Doubles (2026); ElevateSportPadel - Slazenger Padel leeds - Grade 3, 4, 5 Womens Doubles (2026); Slazenger Padel Leeds - Grade 3, 4, 5 Womens Doubles (2026) · 1 recent final(s)",This event: Womens Doubles with Ellie Tsimbilakis · LTA no. 102329201,https://competitions.lta.org.uk/player-profile/e1f042c4-4b93-4dfd-b3ae-acc5bef19593
TAIT E,Eloise,Tait,Eloise Tait,Great Britain,1995,,Surrey (county),WTN Singles 30.5 / Doubles 20.8 · Career W-L 50-36 (58%) · 2026 W-L 8-6 (57%) · 5 recent final(s),This event: Womens Doubles (5) with Eliza Pooley · LTA no. 118223182,https://competitions.lta.org.uk/player-profile/750f59d1-6413-4f5d-8c17-ea2a86622786
THOMAS C,Charlie,Thomas,Charlie Thomas,Great Britain,1973,,Sussex (county),WTN Singles 19.4 / Doubles 21.9 · Career W-L 35-15 (70%) · 2026 W-L 23-10 (70%) · 3 recent title(s): MPLTC Club Championships 2026 (Members Only) MS 45+ (2026); Magdalen Park Senior Open Tournament ** Entries via www.tennisuk.net ** MS 45+ (2026); MPLTC Clay Classic 2026 (Members Only) MD Handicap (2026) · 2 recent final(s),This event: MD 50+ with James Tranter · LTA no. 132009483,https://competitions.lta.org.uk/player-profile/16df6d12-3bd9-4968-bf29-512327aa1e9a
THOMAS P,Paul,Thomas,Paul Thomas,Great Britain,1956,,Middlesex (county),WTN Singles 40.9 / Doubles 23.2 · Career W-L 80-97 (45%) · 2026 W-L 2-7 (22%) · 5 recent final(s),This event: MD 60+ · LTA no. 113857517,https://competitions.lta.org.uk/player-profile/e57dd1ba-e12f-4fb2-bca6-2a07e52df41a
THOMAS S,Sarah,Thomas,Sarah Thomas,Great Britain,1966,,Yorkshire (county),WTN Singles 32.1 / Doubles 22.3 · Career W-L 38-38 (50%) · 2026 W-L 19-9 (68%) · 2 recent title(s): Rocket Padel Bristol 2 Day Grade 3 WD 60+ (2026); UK Padel Exeter Open Grade 4 Womens Doubles (2025) · 3 recent final(s),This event: WD 40+ with Julie Jones; WD 60+ with Julie Jones · LTA no. 100070392,https://competitions.lta.org.uk/player-profile/198e709b-a6e0-482c-98cf-aafbb7b6cefe
THORPE M,Michael,Thorpe,Michael Thorpe,Great Britain,1964,,Northumberland (county),WTN Singles 24.4 / Doubles 21.4 · Career W-L 110-70 (61%) · 2026 W-L 25-12 (68%) · 5 recent title(s): LTA Padel British Tour Grade 1 - Rocks Lane MD 60+ (2026); LTA Padel British Tour Grade 1 - Island Padel Jersey - Rathbones MD 60+ (2026); LTA Padel British Tour Grade 2 - West of Scotland Padel MD 60+ (2026),This event: MD 60+ (1) with Keith Gilbert · LTA no. 105593384,https://competitions.lta.org.uk/player-profile/616b5233-df9b-4ec4-b2be-d6befcb9848f
TORDOFF A,Abigail,Tordoff,Abigail Tordoff,Great Britain,1979,,Surrey (county),"WTN Singles 24.6 / Doubles 16.5 · Career W-L 89-18 (83%) · 2026 W-L 7-0 (100%) · 4 recent title(s): LTA Padel British Tour Grade 1 – R3 Bullpadel Cup, City Padel Exeter Womens Doubles (2026); LTA Padel British Tour Grade 1 - R3 Bullpadel Cup Stratford Padel Club Womens Doubles (2026); Rocket Padel Ilford - Grade 1 Womens Doubles (2025) · 1 recent final(s)",This event: Womens Doubles · LTA no. 115351841,https://competitions.lta.org.uk/player-profile/2a8db9bb-7cbe-4d9c-8788-77add1089d68
TRANTER J,James,Tranter,James Tranter,Great Britain,1974,,Wales South (county),Career W-L 37-34 (52%) · 2026 W-L 7-5 (58%) · 1 recent title(s): MODE Wednesday Night Grade 4 - 06:00 PM Mens - 04:00 PM Ladies Mens Doubles (2024) · 3 recent final(s),This event: MD 50+ with Charlie Thomas · LTA no. 100283199,https://competitions.lta.org.uk/player-profile/4e5df5d2-0568-4ff6-a7fe-da7fc9b63a74
TREWIN N,Nikki,Trewin,Nikki Trewin,Great Britain,1989,,Devon (county),WTN Singles 24.1 / Doubles 22.4 · Career W-L 61-39 (61%) · 2026 W-L 9-5 (64%) · 4 recent title(s): UK PADEL Tallo Open Grade 3 Womens Doubles (2026); Rocket Padel Bristol Grade 4 Womens Doubles (2026); City Padel March Madness Womens Doubles (2026) · 1 recent final(s),This event: Womens Doubles with Natalie Hatton · LTA no. 106079409,https://competitions.lta.org.uk/player-profile/43fde952-4704-484c-9dc1-bbc97d210795
TRILL A,Alexander,Trill,Alexander Trill,Great Britain,1992,,Berkshire (county),WTN Singles 18.3 / Doubles 15.3 · Career W-L 160-79 (67%) · 2026 W-L 47-24 (66%) · 4 recent title(s): Padel Maidenhead - Bank Holiday Monday Grade 4 (Men's & Women's) Mens Doubles (2026); Padel Maidenhead - Grade 4 (Men's & Women's) Mens Doubles (2026); Padel Maidenhead - LTA Grade 4 (Men's & Women's) Mens Doubles (2026) · 1 recent final(s),This event: Mens Doubles (4) with Guy Stonor · LTA no. 113206683,https://competitions.lta.org.uk/player-profile/cb9d6764-fc34-4554-944c-268b8d52aa25
TRILL S,Stephanie,Trill,Stephanie Trill,Great Britain,1973,,Sussex (county),WTN Singles 31.7 / Doubles 29.7 · Career W-L 81-21 (79%) · 2026 W-L 2-0 (100%) · 4 recent title(s): Game4Padel Tour - Withdean - Grade 4 WD 50+ (2026); Tennis Sussex Men’s and Women's Over 40 County Padel Championships 2025 WD 40+ (2025); Tennis Sussex Womens Over 50 County Padel Championships WD 50+ (2025) · 1 recent final(s),This event: WD 50+ with Julie Hanger · LTA no. 100067665,https://competitions.lta.org.uk/player-profile/11d6bb11-ab8f-4dd1-92cc-214cae37abb5
TSIMBILAKIS E,Ellie,Tsimbilakis,Ellie Tsimbilakis,Great Britain,1999,,Cheshire (county),"WTN Singles 19.1 / Doubles 20.5 · Career W-L 305-203 (60%) · 2026 W-L 24-14 (63%) · 5 recent title(s): Padel United The Wirral - September 1 Womens Doubles (2026); Slazenger Padel Leeds - Grade 3, 4, 5 Womens Doubles (2026); Slazenger Padel Leeds - Grade 3, 4, 5 Womens Doubles (2026)",This event: Womens Doubles with Charlotte Sykes · LTA no. 103894419,https://competitions.lta.org.uk/player-profile/db18727f-2c08-4f2e-952e-1bdbe92f12a6
VALENTINE S,Shirli-Ann,Valentine,Shirli-Ann Valentine,Great Britain,1974,,Dorset (county),WTN Singles 40.9 / Doubles 27.4 · Career W-L 8-10 (44%) · 2026 W-L 7-6 (54%) · 3 recent final(s),This event: WD 40+ with Karen Adams; WD 50+ with Karen Adams · LTA no. 100206827,https://competitions.lta.org.uk/player-profile/2a3770bf-e451-45fc-afce-e59acfefde4a
VELLACOTT E,Elizabeth,Vellacott,Elizabeth Vellacott,Great Britain,2013,,Oxfordshire (county),WTN Singles 29.8 / Doubles 25.1 · Career W-L 282-193 (59%) · 2026 W-L 7-11 (39%) · 2 recent title(s): Smash Padel Bicester Juniors Tournament GD 16U (2026); Smash Padel Bicester Men's & Ladie's Open Grade 5 Womens Doubles (2025) · 3 recent final(s),This event: Womens Doubles with Poppy Whitford · LTA no. 114245253,https://competitions.lta.org.uk/player-profile/82a87eaa-e5b0-42e4-9073-d48d5187dada
VERMEULEN L,Lezaanne,Vermeulen,Lezaanne Vermeulen,Great Britain,1979,,Kent (county),WTN Singles 40.9 / Doubles 32.5 · Career W-L 14-6 (70%) · 2026 W-L 14-6 (70%) · 2 recent title(s): LTA Padel British Tour Grade 3-Square One Padel Club Ashford Womens Doubles (2026); Square One Padel Club Womens Doubles (2026),This event: WD 40+ (4) with Jane Lau · LTA no. 111779439,https://competitions.lta.org.uk/player-profile/f3637ddc-6b9a-4ed1-9354-9dd031608fc3
VICKERS O,Olivia,Vickers,Olivia Vickers,Great Britain,2004,,Berkshire (county),WTN Singles 40.9 / Doubles 25.6 · Career W-L 18-20 (47%) · 2026 W-L 6-4 (60%) · 1 recent title(s): LTA Grade 3 by Padel District Womens Doubles (2025),This event: Womens Doubles with Emily Gaunt · LTA no. 106447871,https://competitions.lta.org.uk/player-profile/892ded9a-5662-4511-a287-850dc914eb58
VINCENT P,Pippa,Vincent,Pippa Vincent,Great Britain,1968,,Surrey (county),WTN Singles 29.1 / Doubles 22.4 · Career W-L 63-44 (59%) · 2026 W-L 4-6 (40%) · 1 recent title(s): Esher Padel Club Championships 2023 WD 50+ (2023) · 2 recent final(s),This event: WD 40+ (3) with Cathy Finegold; WD 50+ (4) with Cathy Finegold · LTA no. 100013054,https://competitions.lta.org.uk/player-profile/f29ed440-7015-4ca1-b65b-03b91d3ca383
WADE L,Lucie,Wade,Lucie Wade,Great Britain,1976,,Sussex (county),WTN Singles 40.9 / Doubles 21.7 · Career W-L 53-52 (50%) · 2026 W-L 9-9 (50%) · 2 recent title(s): Tennis Sussex Padel County Championships 2025 - Womens Open Womens Doubles (2025); Tennis Wales Padel Grade 1 Seniors 40+/50+ WD 40+ (2025) · 3 recent final(s),This event: WD 40+ with Karen Hazzard; WD 50+ with Julie Bradbury; Womens Doubles with Karen Hazzard · LTA no. 105891887,https://competitions.lta.org.uk/player-profile/fdc6997a-21c6-4d4b-8537-d5f2a9bda921
WALKER W,Wilf,Walker,Wilf Walker,Great Britain,2004,,Surrey (county),WTN Singles 30.2 / Doubles 26.3 · Career W-L 11-9 (55%) · 2026 W-L 9-6 (60%),This event: Mens Doubles (9) with Peter Compton-Burnett · LTA no. 112872071,https://competitions.lta.org.uk/player-profile/9b9f19fd-7a0f-4cd7-8683-599967db96cc
WALSH M,Molly,Walsh,Molly Walsh,Great Britain,2003,,Wales South (county),WTN Singles 20.3 / Doubles 17.7 · Career W-L 429-337 (56%) · 2026 W-L 77-13 (86%) · 4 recent title(s): LTA Padel British Tour Grade 2 - HOP Pro Cardiff Mixed Doubles (2026); Cardiff LTC Championships 2026 Womens Singles (2026); Cardiff LTC Championships 2026 Womens Doubles (2026) · 1 recent final(s),This event: Womens Doubles (8) with Alex Oelmann · LTA no. 106149756,https://competitions.lta.org.uk/player-profile/3ac9bf02-2f1d-4b66-953d-744561ffecff
WALTERS N,Nicholas,Walters,Nicholas Walters,Great Britain,1989,,Avon (county),WTN Singles 40.9 / Doubles 20.4 · Career W-L 48-45 (52%) · 2026 W-L 18-19 (49%) · 1 recent title(s): Padel Maidenhead - LTA Grade 4 (Men's & Women's) Mens Doubles (2025) · 2 recent final(s),This event: Mens Doubles (8) with Huxley Howell · LTA no. 128014198,https://competitions.lta.org.uk/player-profile/b506ac52-dbe1-45d8-a921-53f4c7b604c7
WARD J,Joshua,Ward,Joshua Ward,Great Britain,2004,,Kent (county),"WTN Singles 10.9 / Doubles 11.8 · Career W-L 768-455 (63%) · 2026 W-L 60-22 (73%) · 4 recent title(s): The Ilkley Open 2026 Mens Doubles (2026); Padel Maidenhead - Grade 3 (Men's & Women's) Mens Doubles (2026); Slazenger Padel Festival - Grade 3, 4, 5 Mixed Doubles (2026) · 1 recent final(s)",This event: Mens Doubles with Joseph Mccoubrie · LTA no. 104361137,https://competitions.lta.org.uk/player-profile/4d2cbe6a-6ada-42a9-aec8-ae0d58a7fa64
WARING B,Benji,Waring,Benji Waring,Great Britain,2002,,Avon (county),Career W-L 7-3 (70%) · 2026 W-L 6-1 (86%) · 1 recent final(s),This event: Mens Doubles with Ben Harris · LTA no. 127731101,https://competitions.lta.org.uk/player-profile/2d4535a7-dae7-4fe2-bc3b-6b2c7df15785
WARNERYD O,Oscar,Warneryd,Oscar Warneryd,Great Britain,2007,,Surrey (county),WTN Singles 21.0 / Doubles 13.1 · Career W-L 197-88 (69%) · 2026 W-L 1-1 (50%) · 2 recent title(s): adidas HOP Pro North London BD U18 (2024); Padel Weekend by HOP BD U18 (2023) · 3 recent final(s),This event: Mens Doubles with Bojan Jelovac · LTA no. 110069231,https://competitions.lta.org.uk/player-profile/a7c07343-45e6-465f-b390-6601480ee957
WARREN A,Andrew,Warren,Andrew Warren,Great Britain,1972,,Surrey (county),"WTN Singles 40.9 / Doubles 20.8 · Career W-L 304-133 (70%) · 2026 W-L 36-17 (68%) · 2 recent title(s): LTA Padel British Tour Grade 1 - Rocks Lane MD 50+ (2026); LTA Padel British Tour Grade 1 – NSM & SPF Cup, Guernsey MD 50+ (2026) · 3 recent final(s)",This event: MD 40+ with Steven Wood; MD 50+ with Steven Wood · LTA no. 110124579,https://competitions.lta.org.uk/player-profile/894df29a-5f31-481a-bbf2-a1a30344d1d5
WARREN C,Chris,Warren,Chris Warren,Great Britain,1964,,Yorkshire (county),WTN Singles 40.9 / Doubles 22.0 · Career W-L 68-12 (85%) · 2026 W-L 3-0 (100%) · 4 recent title(s): LTA Padel British Tour Grade 1 - Rocks Lane MD 60+ (2026); Rocks Lane LTA Padel British Tour Grade 1 & Seniors MD 60+ (2025); Rocks Lane LTA Padel Seniors MD 60+ (2024) · 1 recent final(s),This event: MD 60+ with Sandy Case · LTA no. 105722586,https://competitions.lta.org.uk/player-profile/3b93e85a-5ea5-4efd-8127-e7c8ddbeb257
WELLER G,George,Weller,George Weller,Great Britain,1997,,Buckinghamshire (county),WTN Singles 40.9 / Doubles 14.5 · Career W-L 243-133 (65%) · 2026 W-L 35-15 (70%) · 4 recent title(s): PadelFest Grade 4 Mixed Doubles at Rocket Padel Bristol Mixed Doubles (2026); Padel Maidenhead - LTA Grade 3 (Men's & Women's) Mens Doubles (2026); LTA Grade 1 Open Stratford Padel Club Year End Mens Doubles (2025) · 1 recent final(s),This event: Mens Doubles with Jamie Eccleton · LTA no. 105609112,https://competitions.lta.org.uk/player-profile/efd20afc-4566-4eca-a56b-af35edde9496
WHEATLEY B,Bruce,Wheatley,Bruce Wheatley,Great Britain,1977,,Devon (county),WTN Singles 17.1 / Doubles 18.1 · Career W-L 159-79 (67%) · 2026 W-L 28-26 (52%) · 3 recent title(s): UK PADEL Christingle Grade 4 Mens Doubles (2025); City Padel Exeter Grade 4 Mens Doubles (2025); LTA Padel Local - City Padel Exeter - 23-08-25 MD 40+ (2025) · 2 recent final(s),This event: MD 40+ with Nicholas Bunyard · LTA no. 100247542,https://competitions.lta.org.uk/player-profile/f5f3cd57-774e-4c2e-90a8-b1de0eeac5f8
WHITAKER A,Alex,Whitaker,Alex Whitaker,Great Britain,2005,,Derbyshire (county),WTN Singles 20.6 / Doubles 18.7 · Career W-L 394-357 (52%) · 2026 W-L 34-13 (72%) · 2 recent title(s): LTA Padel British Tour Grade 2 East Glos Mens Doubles (2026); LTA Grade 3 by Padel District Mens Doubles (2026) · 3 recent final(s),This event: Mens Doubles with Tom Davenport · LTA no. 108843655,https://competitions.lta.org.uk/player-profile/d9e07690-1e8e-4ed2-9d6e-47529492e3d9
WHITE J,Jane,White,Jane White,Great Britain,1976,,Dorset (county),WTN Singles 21.4 / Doubles 21.0 · Career W-L 212-91 (70%) · 2026 W-L 14-5 (74%) · 2 recent title(s): South & South West Tour - East Dorset G3 Open Padel Doubles (Mens & Ladies) - 13-09-2026 Womens Doubles (2026); East Dorset Padel Open - G4 Mens & Womens Doubles - 24 May 2026 Womens Doubles (2026) · 3 recent final(s),This event: WD 50+ with Vik Sanderson · LTA no. 104083612,https://competitions.lta.org.uk/player-profile/1141dde1-506f-4427-ba9c-a2454da1f15a
WHITFORD P,Poppy,Whitford,Poppy Whitford,Great Britain,2008,,Bedfordshire (county),WTN Singles 28.0 / Doubles 28.7 · Career W-L 154-122 (56%) · 2026 W-L 29-26 (53%) · 4 recent title(s): Rocket Padel Ilford - Grade 3 Womens Doubles (2026); ROAD2LONDON.com GOLD - LTA G3@Padel Social House Womens Doubles (2026); LTA Grade 3 by Padel District Womens Doubles (2026) · 1 recent final(s),This event: Womens Doubles with Elizabeth Vellacott · LTA no. 108740679,https://competitions.lta.org.uk/player-profile/dec4bace-ac77-4f47-aca7-6006e5685b66
WILKIN A,Abigail,Wilkin,Abigail Wilkin,Great Britain,2003,,Devon (county),WTN Singles 22.3 / Doubles 20.0 · Career W-L 398-403 (50%) · 2026 W-L 19-12 (61%) · 4 recent title(s): Devon Senior County Closed 2026 Mixed Doubles (2026); Torbay Open Padel Mixed Doubles (2026); Padel United Plymouth Autumn G4 Mixed Doubles (2025) · 1 recent final(s),This event: Womens Doubles with Tabitha Hill · LTA no. 106169875,https://competitions.lta.org.uk/player-profile/ee7dd4f6-d426-42e6-91af-d1ad144c5a5b
WILLIAMS K,Kat,Williams,Kat Williams,Great Britain,1988,,Surrey (county),"WTN Singles 26.4 / Doubles 24.8 · Career W-L 324-198 (62%) · 2026 W-L 37-28 (57%) · 3 recent title(s): UK PADEL Epsom LTC Grade 3 (U18, MD, WD OPEN) Mixed Doubles (2026); Padel Maidenhead - Grade 3 (Men's & Women's) Womens Doubles (2026); Game4Padel Tour- Parkside- Grade 4 Womens Doubles (2026) · 2 recent final(s)",This event: Womens Doubles with Caroline Saker · LTA no. 101580268,https://competitions.lta.org.uk/player-profile/e9fcad62-974c-46b3-a2cf-b02256d06908
WILLIAMS R,Ryan,Williams,Ryan Williams,Great Britain,1992,,Wiltshire (county),WTN Singles 40.9 / Doubles 25.6 · Career W-L 67-77 (47%) · 2026 W-L 27-35 (44%) · 2 recent title(s): Rocket Padel Bristol Grade 5 Mixed Doubles (2026); Wiltshire County Padel Championships 2025 Mens Doubles (2025) · 3 recent final(s),This event: Mens Doubles with Gary Fenton · LTA no. 120754552,https://competitions.lta.org.uk/player-profile/b8060c6f-9f67-459f-9844-8cece48e2e10
WILLOCK H,Harriet,Willock,Harriet Willock,Great Britain,2010,,Leicestershire (county),WTN Singles 40.9 / Doubles 27.9 · Career W-L 47-62 (43%) · 2026 W-L 23-15 (61%) · 4 recent title(s): Leicestershire County Padel Championships 2026 Womens Doubles (2026); Leicestershire County Padel Championships 2026 Mixed Doubles (2026); LTA Padel British Tour Grade 1 - Rocks Lane GD 16U (2026) · 1 recent final(s),This event: Womens Doubles with Heidi Ellis · LTA no. 123815136,https://competitions.lta.org.uk/player-profile/9f4a8097-3ff2-4ef6-8397-cd9d440ea895
WOOD N,Nick,Wood,Nick Wood,Great Britain,1970,,Surrey (county),WTN Singles 40.9 / Doubles 40.9 · Career W-L 5-2 (71%) · 2026 W-L 0-0 · 1 recent final(s),This event: MD 50+ with Charlie Packham · LTA no. 120348257,https://competitions.lta.org.uk/player-profile/fcef591d-ebb7-404e-b35a-30f198fdb014
WOOD S,Steven,Wood,Steven Wood,Great Britain,1975,,Devon (county),WTN Singles 19.3 / Doubles 18.4 · Career W-L 129-62 (68%) · 2026 W-L 3-2 (60%) · 2 recent title(s): LTA Padel Local - City Padel Exeter - 09-08-25 Mens Doubles (2025); LTA Padel Regional - City Padel Exeter - 02-08-25 MD 40+ (2025) · 3 recent final(s),This event: MD 40+ with Andrew Warren; MD 50+ with Andrew Warren · LTA no. 104430579,https://competitions.lta.org.uk/player-profile/b3aedb5e-157b-4232-8274-63c0ee735162
WOODGER A,Alfie James,Woodger,Alfie James Woodger,Great Britain,2005,,Devon (county),WTN Singles 18.7 / Doubles 15.5 · Career W-L 441-387 (53%) · 2026 W-L 47-21 (69%) · 3 recent title(s): Devon Senior County Closed 2026 Mens Doubles (2026); Devon Senior County Closed 2026 Mixed Doubles (2026); City Padel Exeter Grade 5 Mens Doubles (2025) · 2 recent final(s),This event: Mens Doubles (5) with Joel Greatrex · LTA no. 110373827,https://competitions.lta.org.uk/player-profile/3119e828-ff81-4e29-b20a-3f88040efb51
WOOLFORD R,Rachel,Woolford,Rachel Woolford,Great Britain,1965,,Warwickshire (county),WTN Singles 40.9 / Doubles 30.1 · Career W-L 12-15 (44%) · 2026 W-L 6-10 (38%) · 1 recent title(s): Warwickshire Padel County Closed 2024 Womens Doubles (2024) · 1 recent final(s),This event: WD 60+ with Barbara Derbyshire · LTA no. 119304104,https://competitions.lta.org.uk/player-profile/c5dd6a96-4a5c-45c6-b510-20301e2fcf01
WORBOYS S,Stuart,Worboys,Stuart Worboys,Great Britain,1970,,Essex (county),WTN Singles 40.9 / Doubles 22.3 · Career W-L 45-46 (49%) · 2026 W-L 18-7 (72%) · 1 recent title(s): Game4Padel Tour Padel & Tennis Weekend 1 - Hove Beach Park - Grade 4 Padel MD 50+ (2026) · 2 recent final(s),This event: MD 50+ with Craig Giles · LTA no. 113850276,https://competitions.lta.org.uk/player-profile/917affcd-bcca-4199-a1ab-10dad3353d78
WRIGHT P,Peter,Wright,Peter Wright,Great Britain,1968,,Gloucestershire (county),WTN Singles 40.9 / Doubles 18.6 · Career W-L 82-20 (80%) · 2026 W-L 30-3 (91%) · 5 recent title(s): LTA Padel British Tour Grade 2 - West of Scotland Padel MD 50+ (2026); Padelspeed HoS Cardiff Mens Doubles (2026); Rocket Padel Bristol 2 Day Grade 3 MD 40+ (2026),This event: MD 50+ (2) with Kingsley Harris · LTA no. 123299062,https://competitions.lta.org.uk/player-profile/dab918ba-da1c-4ee1-a4cf-d5d65522813c
ZAHUI S,Steven,Zahui,Steven Zahui,Great Britain,1998,,Essex (county),WTN Singles 23.0 / Doubles 16.6 · Career W-L 212-212 (50%) · 2026 W-L 26-11 (70%) · 2 recent title(s): LTA Padel British Tour Grade 2 - Rocket Padel Beckton Mens Doubles (2026); LTA Padel British Tour Grade 2 - Padel Maidenhead Mens Doubles (2026) · 3 recent final(s),This event: Mens Doubles (7) with Aston Deva-Nix · LTA no. 105572695,https://competitions.lta.org.uk/player-profile/921c6836-1145-4f17-bd2b-c46fabfc6ed3
